Attendance_Percentage,Study_Hours_Per_Day,Previous_Academic_Marks,Internal_Assessment_Marks,Assignment_Score,Practical_Lab_Score,Number_of_Backlogs,Previous_Semester_GPA,Sleep_Hours,Internet_Access,Parental_Education,Extracurricular_Activities,Class_Participation,Assignment_Submission_Rate,Performance_Category
93.25,10.79,96.67,85.87,92.19,92.15,0,9.72,5.3,0,1,1,98.86,98.89,Excellent
83.5,5.92,74.05,74.9,84.7,69.92,2,6.99,6.5,0,0,0,79.31,90.15,Good
34.14,3.76,32.57,32.47,50.53,24.98,5,5.53,9.0,0,1,1,34.75,54.81,Poor
52.71,5.61,60.37,56.53,60.15,60.78,1,6.41,4.4,1,3,0,47.17,75.77,Average
60.46,3.57,34.47,43.08,38.74,45.45,3,4.47,7.9,1,1,0,36.59,46.03,Poor
89.12,11.58,87.75,100.0,96.47,93.42,0,9.55,6.0,1,2,1,84.9,95.98,Excellent
63.22,7.16,53.98,72.5,65.66,53.5,3,5.67,7.9,1,2,1,53.02,71.9,Average
98.08,10.93,98.93,97.81,91.73,95.66,0,9.46,5.1,1,0,1,93.54,97.09,Excellent
67.07,4.18,68.03,57.36,56.28,65.09,1,5.13,8.9,1,0,0,59.01,64.16,Average
90.13,7.79,83.72,66.1,80.87,82.73,0,8.25,6.0,1,2,1,75.33,94.56,Good
76.88,9.68,87.56,72.84,76.06,74.53,0,7.05,5.2,1,1,1,67.64,72.46,Good
55.37,1.79,42.1,44.4,31.02,42.06,7,4.25,8.8,0,4,1,30.56,52.4,Poor
44.51,0.83,48.87,47.39,42.75,35.99,5,4.46,8.6,1,0,1,39.67,61.85,Poor
70.34,6.4,76.27,89.06,75.38,78.07,1,9.52,8.6,1,2,0,71.28,82.57,Good
49.42,2.31,49.96,42.37,43.24,44.72,8,4.62,5.8,1,3,1,36.17,67.15,Poor
45.69,2.0,49.04,27.08,40.2,39.72,5,5.18,4.8,1,1,1,35.38,67.17,Poor
59.93,4.79,67.59,49.79,61.06,52.4,2,6.54,4.0,1,3,1,50.79,71.45,Average
69.86,4.2,79.58,72.99,71.85,81.46,0,8.54,5.3,1,2,1,84.17,84.44,Good
69.32,6.46,76.18,78.2,77.31,78.96,0,7.8,6.5,1,4,0,73.39,92.65,Good
66.24,5.19,63.56,61.58,65.14,68.63,0,7.25,6.9,0,3,1,58.93,64.25,Average
63.18,2.35,60.02,52.55,66.73,52.78,2,6.11,6.3,1,3,1,49.49,92.28,Average
73.23,7.43,76.47,68.39,89.52,82.64,1,7.9,6.0,0,0,0,60.71,84.27,Good
81.37,5.91,83.42,80.86,75.55,73.39,0,8.73,6.0,1,3,1,81.47,86.42,Good
58.86,6.13,59.92,65.6,58.42,68.54,3,5.42,8.7,1,2,1,50.77,77.45,Average
47.8,2.12,47.41,30.82,37.94,25.65,7,4.93,6.3,1,3,1,43.38,70.97,Poor
34.44,1.43,48.9,40.43,44.26,28.97,6,4.73,6.4,1,2,0,44.38,61.85,Poor
71.91,7.98,79.12,75.89,84.65,67.78,0,7.42,7.7,1,0,0,77.43,85.67,Good
46.74,4.88,56.93,67.87,65.19,46.86,1,6.93,6.9,1,2,1,64.78,82.22,Average
61.43,4.21,58.43,57.7,65.82,58.42,0,6.15,7.7,1,0,0,46.72,70.98,Average
70.83,5.02,66.98,34.83,76.71,56.88,1,7.14,5.4,1,0,1,46.68,77.4,Average
72.08,4.25,63.38,50.66,59.75,74.03,3,6.41,8.0,1,2,1,58.59,63.89,Average
82.12,6.37,76.05,78.8,81.25,79.45,1,7.58,5.2,1,3,1,81.75,94.33,Good
89.03,7.11,77.34,69.3,70.05,64.99,1,6.66,6.1,0,2,1,72.88,76.95,Good
75.18,10.88,83.37,74.23,61.5,92.54,0,6.94,4.3,1,2,1,64.27,96.12,Good
68.26,5.78,65.07,60.25,60.83,57.5,0,6.1,5.6,1,1,0,59.42,72.23,Average
64.94,6.59,66.35,45.44,52.08,65.53,1,6.69,5.0,1,1,1,47.25,73.34,Average
74.68,4.39,54.37,58.51,63.78,59.11,3,6.65,6.5,1,2,0,44.63,81.7,Average
41.75,2.89,40.14,48.98,34.61,41.23,6,5.73,7.4,1,2,1,47.99,45.2,Poor
57.07,6.96,72.42,53.57,64.55,71.03,1,5.78,5.2,0,2,0,46.88,67.31,Average
75.65,8.55,83.72,77.26,82.24,91.32,0,8.61,7.6,1,0,1,66.53,97.71,Good
89.05,10.94,87.93,92.91,100.0,90.97,0,9.8,6.5,1,4,1,95.55,91.63,Excellent
48.1,3.23,36.51,40.8,35.78,41.89,4,4.12,7.8,1,2,1,24.35,42.81,Poor
98.18,10.05,93.76,92.49,92.08,94.82,1,9.03,7.9,1,0,1,98.33,98.27,Excellent
67.79,3.15,59.23,57.93,68.69,61.8,0,8.22,7.8,1,2,0,52.6,67.3,Average
90.95,9.72,92.78,95.15,93.65,94.93,0,7.81,5.8,1,2,1,93.97,97.13,Excellent
61.79,6.74,60.19,55.3,55.09,55.58,1,6.38,8.8,1,2,1,55.02,76.0,Average
55.15,4.19,57.97,65.91,55.94,48.63,4,5.79,7.6,1,1,0,34.27,68.13,Average
39.55,1.97,26.82,55.48,30.46,38.68,6,4.21,9.7,1,3,0,43.32,52.66,Poor
46.79,2.92,53.78,48.72,42.21,45.4,3,4.82,7.1,0,3,0,48.78,55.67,Poor
36.72,1.03,52.1,33.74,31.62,43.29,4,5.24,6.2,0,2,1,45.49,47.48,Poor
83.19,10.75,72.0,82.99,79.4,78.38,1,8.13,5.7,1,1,0,82.51,83.45,Good
85.31,7.08,95.4,93.24,91.58,90.84,0,9.4,6.1,1,3,1,96.58,99.44,Excellent
70.2,3.28,68.71,56.88,67.11,63.88,1,6.51,6.9,1,3,0,55.24,71.75,Average
57.41,2.02,44.97,52.62,41.93,59.81,7,4.58,7.9,1,3,1,28.2,52.86,Poor
91.43,8.33,93.89,99.77,86.75,86.97,0,9.61,6.4,1,2,0,90.64,100.0,Excellent
76.95,3.37,68.33,53.42,61.45,51.31,2,7.48,8.8,1,3,0,71.05,88.99,Average
93.96,11.97,98.08,89.25,98.74,95.91,0,8.68,4.2,0,1,1,91.53,93.13,Excellent
94.95,10.87,100.0,87.12,92.25,93.81,0,9.06,9.3,1,2,0,97.94,100.0,Excellent
91.36,11.16,83.02,93.35,99.16,91.53,1,9.15,6.9,0,3,1,99.45,91.55,Excellent
76.79,3.81,54.18,61.75,52.01,60.41,3,6.17,5.8,1,1,0,53.37,65.48,Average
61.07,6.85,54.79,57.89,60.81,48.95,2,6.3,6.2,1,4,0,59.13,60.0,Average
38.62,2.57,31.83,58.32,40.64,41.78,2,4.16,8.7,1,1,1,28.52,59.1,Poor
45.14,2.15,45.54,53.49,39.34,32.37,7,4.18,7.1,1,0,1,35.59,68.68,Poor
42.33,1.2,38.64,31.37,40.98,52.0,8,4.7,8.3,1,1,1,29.11,58.17,Poor
44.09,3.15,43.41,27.49,47.35,33.65,7,4.24,6.4,1,3,1,43.24,54.82,Poor
93.0,8.26,88.82,93.52,94.96,93.71,0,9.21,7.6,1,2,0,94.76,91.75,Excellent
47.76,1.73,56.84,40.79,33.56,43.77,8,5.79,6.2,1,3,0,34.82,49.51,Poor
58.98,3.88,53.7,41.76,66.11,68.06,3,6.28,5.8,1,3,0,56.08,75.48,Average
65.77,4.11,63.69,54.2,66.97,47.23,2,7.07,8.0,1,1,1,44.47,78.29,Average
68.88,7.35,57.94,50.2,68.86,57.04,3,5.82,7.3,1,3,0,54.28,75.16,Average
65.07,4.98,66.11,53.79,65.28,54.91,0,6.54,6.5,0,2,0,69.71,70.71,Average
34.65,2.78,50.9,32.09,43.43,46.19,4,4.81,7.4,0,4,1,44.3,50.08,Poor
97.27,12.0,83.45,89.06,100.0,90.74,0,9.18,9.0,1,3,0,97.26,100.0,Excellent
39.78,2.03,40.45,19.78,43.39,40.15,5,4.4,4.0,1,2,0,17.34,55.74,Poor
48.16,0.54,40.03,32.98,42.55,49.72,4,4.04,4.0,1,2,1,37.15,58.33,Poor
57.83,2.23,44.57,45.33,62.14,62.07,4,6.37,7.5,1,2,0,50.08,66.83,Average
45.81,1.01,41.45,39.61,38.2,33.8,5,5.32,7.4,1,1,1,36.87,65.13,Poor
47.97,1.26,28.92,33.84,61.42,35.11,1,3.18,8.9,1,3,1,40.86,64.34,Poor
88.03,11.38,97.5,89.15,100.0,91.25,1,9.18,4.4,1,2,1,96.55,99.17,Excellent
73.09,9.72,74.73,68.0,72.25,73.49,0,8.67,6.7,1,2,1,84.77,82.06,Good
85.86,11.91,100.0,90.19,93.77,86.77,0,9.52,6.8,0,2,0,92.53,94.25,Excellent
33.07,1.65,41.75,40.83,41.92,46.23,7,4.9,7.4,1,2,0,25.56,70.08,Poor
74.49,6.57,75.32,73.2,65.14,81.74,1,9.2,6.6,1,3,1,68.56,68.29,Good
63.19,3.13,38.92,28.79,39.76,34.46,7,4.46,8.3,1,4,0,37.24,52.18,Poor
66.52,4.46,68.01,57.59,45.82,68.1,1,5.77,10.0,1,3,1,66.0,55.41,Average
99.97,9.49,94.57,99.96,99.83,91.48,1,9.18,7.3,1,0,1,97.52,100.0,Excellent
99.62,11.42,88.64,94.54,89.14,85.6,1,9.73,7.8,1,1,1,95.07,98.9,Excellent
53.08,3.18,47.18,42.6,33.86,40.69,3,4.6,6.8,1,0,1,30.61,58.35,Poor
84.53,10.32,92.51,88.41,97.3,97.19,0,9.17,5.9,1,3,1,88.95,92.01,Excellent
85.81,7.21,74.65,62.47,83.45,67.83,2,7.15,8.5,1,2,1,77.35,86.06,Good
65.18,3.76,65.46,50.21,63.81,62.04,2,5.66,7.0,0,2,0,62.12,57.83,Average
56.92,6.18,59.0,57.93,57.38,59.24,1,6.91,6.5,1,1,1,48.06,67.24,Average
55.72,1.34,41.22,46.56,38.19,45.05,6,5.52,7.3,1,1,1,44.89,58.21,Poor
60.0,4.71,62.26,57.0,37.34,58.14,1,5.13,6.5,1,1,1,43.67,82.38,Average
99.2,9.89,95.85,87.14,86.23,96.59,0,9.89,4.9,1,3,0,96.55,100.0,Excellent
77.7,8.4,72.69,75.36,79.29,69.48,0,6.68,4.0,1,2,1,67.06,84.47,Good
63.35,4.11,59.18,62.38,50.55,66.91,4,6.06,5.9,1,2,0,56.54,80.35,Average
94.82,10.08,93.37,93.72,92.88,99.95,0,9.05,5.8,1,3,1,91.6,93.03,Excellent
47.67,2.23,32.42,34.07,37.0,36.46,7,4.1,7.7,1,3,1,24.94,55.63,Poor
38.79,1.84,42.8,43.68,40.03,25.99,4,3.0,6.6,0,3,1,47.27,46.11,Poor
67.08,5.06,59.38,60.65,56.61,45.06,1,6.38,6.1,1,4,1,55.33,76.89,Average
50.91,2.02,37.37,42.9,54.43,37.47,6,5.24,5.1,1,2,1,33.34,62.53,Poor
76.71,7.9,73.44,76.04,93.7,74.77,0,7.22,4.6,1,4,1,64.04,76.59,Good
32.57,3.01,37.02,45.33,24.24,46.14,4,3.53,6.7,1,4,1,35.26,59.21,Poor
93.84,5.15,87.82,77.23,72.71,67.19,3,7.66,7.0,1,1,0,85.58,75.84,Good
77.44,8.17,76.58,81.47,87.86,73.92,1,8.48,7.6,1,2,0,80.18,79.33,Good
91.48,9.88,94.24,90.06,90.62,92.67,1,8.71,5.3,1,3,1,87.07,98.72,Excellent
88.69,8.2,96.82,95.4,91.7,86.82,1,9.98,7.3,1,3,0,83.9,93.61,Excellent
96.09,12.0,95.75,84.98,99.26,87.51,0,9.27,7.2,1,3,1,87.72,86.76,Excellent
92.4,12.0,93.65,94.99,97.33,94.61,0,8.98,5.2,1,3,1,95.2,90.8,Excellent
67.16,7.01,58.96,63.35,51.27,54.9,3,5.04,7.9,1,4,0,52.14,79.62,Average
92.73,7.56,74.83,78.38,80.71,86.21,0,7.41,6.4,1,3,0,68.96,90.85,Good
56.39,3.93,43.06,33.88,31.98,30.19,5,4.19,6.0,1,0,0,42.46,72.01,Poor
94.8,10.75,98.09,99.74,92.2,85.87,0,9.1,4.5,1,0,1,89.86,93.97,Excellent
78.39,6.11,82.73,83.75,66.08,69.99,0,7.17,6.8,1,3,1,70.36,73.77,Good
90.39,10.27,89.77,91.14,100.0,99.2,0,9.84,8.4,1,2,1,97.57,89.7,Excellent
51.91,2.34,45.63,28.39,48.38,48.36,1,3.53,6.9,1,3,0,39.11,62.08,Poor
40.58,1.86,45.03,40.52,27.16,35.49,2,6.15,8.0,1,0,0,46.05,47.16,Poor
82.51,8.35,71.61,70.41,90.94,74.39,1,8.04,7.3,1,3,1,78.17,76.2,Good
41.39,2.04,47.97,37.33,48.58,57.91,7,4.27,5.9,1,0,1,48.76,73.44,Poor
59.67,1.84,53.48,58.03,66.35,57.87,0,5.86,8.2,1,1,0,66.55,62.45,Average
96.71,8.44,93.18,93.32,90.53,94.15,0,8.71,8.9,1,2,1,88.37,100.0,Excellent
90.66,11.51,86.77,85.68,97.54,92.55,1,9.78,7.0,1,3,1,81.8,90.4,Excellent
96.1,10.91,100.0,86.85,96.37,87.87,0,8.73,9.6,1,0,0,96.22,96.45,Excellent
57.82,2.61,57.26,55.53,79.41,61.46,1,5.15,10.0,1,2,1,50.48,80.67,Average
99.43,11.58,92.5,86.01,99.08,91.29,0,8.74,7.4,1,1,1,92.93,92.3,Excellent
59.72,2.57,57.94,59.41,38.52,60.08,0,8.35,8.5,1,0,1,46.1,84.21,Average
57.46,2.13,45.39,41.71,23.31,37.51,6,5.74,7.1,0,3,0,31.34,57.16,Poor
83.47,7.57,77.84,72.58,77.64,71.86,1,7.0,4.8,0,2,1,70.18,77.22,Good
86.28,9.41,81.06,68.54,77.59,76.45,2,8.73,7.9,1,1,1,77.9,91.26,Good
58.73,2.7,38.96,35.16,42.37,42.71,8,3.96,5.5,1,1,1,42.47,52.46,Poor
94.08,11.35,87.96,100.0,96.55,97.65,1,8.7,7.8,1,1,0,96.95,96.69,Excellent
55.39,5.55,46.79,62.94,68.36,62.3,2,6.46,4.1,0,1,0,50.69,64.43,Average
44.84,2.49,38.2,39.54,30.12,48.32,9,5.68,7.5,1,1,0,28.51,60.45,Poor
88.92,9.63,92.3,91.83,95.67,99.66,0,8.65,7.9,0,3,1,95.96,100.0,Excellent
94.09,9.04,78.25,83.82,80.01,76.67,1,7.18,4.9,1,4,0,85.73,89.5,Good
69.7,7.71,84.33,80.35,83.84,87.68,0,9.12,9.2,1,1,1,71.46,78.59,Good
72.4,6.12,48.51,64.94,63.23,49.82,1,5.93,7.7,1,0,1,69.56,80.12,Average
75.93,5.78,62.32,61.71,60.35,62.47,2,4.93,8.1,1,2,0,59.31,73.71,Average
93.63,9.32,93.48,88.71,88.35,95.61,1,9.56,6.1,1,0,1,88.48,99.58,Excellent
95.44,10.11,98.46,91.9,93.09,90.08,0,9.15,4.7,1,1,0,88.77,95.29,Excellent
68.08,6.81,72.21,83.86,71.9,71.17,0,7.21,7.3,1,3,0,65.93,82.81,Good
70.55,3.93,43.66,56.8,70.82,60.26,1,5.32,8.2,1,0,1,55.14,61.09,Average
86.41,6.68,75.68,72.05,91.17,74.25,1,8.09,4.1,1,4,1,77.58,88.76,Good
71.71,6.75,88.42,75.98,55.73,66.22,1,7.56,4.1,1,1,0,82.38,82.32,Good
78.73,6.94,76.75,56.73,62.36,45.87,2,5.22,5.9,1,3,0,57.33,65.23,Average
72.27,7.83,85.03,72.91,73.97,74.89,1,7.38,8.0,1,3,0,78.39,78.28,Good
82.07,8.06,85.98,81.32,78.01,68.21,0,7.73,6.0,1,4,1,68.63,79.44,Good
76.23,4.19,58.64,48.29,75.51,46.79,4,6.36,7.3,1,2,0,37.96,78.65,Average
63.95,3.73,68.6,56.25,47.57,55.59,0,5.79,8.1,1,2,1,57.64,60.36,Average
100.0,9.08,94.13,90.27,97.77,86.91,0,9.16,8.9,1,1,0,95.84,96.39,Excellent
67.54,4.79,64.56,46.3,50.62,67.18,5,7.04,5.1,0,2,0,63.31,63.79,Average
86.98,6.8,80.98,75.17,81.27,68.47,0,7.71,7.0,1,3,1,78.39,74.46,Good
51.23,3.52,34.91,52.98,47.46,37.11,6,4.08,9.6,1,2,0,19.92,59.33,Poor
87.16,12.0,97.06,93.03,100.0,88.27,0,10.0,8.3,1,0,1,96.55,95.13,Excellent
62.52,4.64,49.96,77.29,72.13,62.82,0,6.59,7.9,1,3,1,71.65,58.55,Average
48.24,3.21,55.69,73.1,64.45,47.32,2,6.59,6.5,1,3,0,58.47,55.19,Average
35.35,0.5,38.89,43.41,49.6,35.29,5,4.9,7.1,1,2,0,38.59,53.42,Poor
94.8,10.08,100.0,95.0,93.33,88.97,0,9.56,7.3,1,2,1,93.28,93.65,Excellent
66.73,5.14,46.51,69.04,56.28,55.69,2,5.81,6.4,1,3,0,56.64,62.88,Average
88.0,9.56,93.27,97.59,94.07,84.62,0,9.36,9.6,1,2,1,95.96,90.92,Excellent
100.0,9.25,91.01,93.87,94.76,98.77,1,9.62,6.3,1,2,0,91.43,98.62,Excellent
84.91,11.14,92.03,94.6,89.68,98.9,0,9.92,6.5,1,3,0,90.13,96.29,Excellent
37.15,2.57,46.1,24.04,30.71,36.73,4,4.08,7.5,1,0,1,33.2,48.44,Poor
51.43,1.64,41.38,44.92,24.73,49.55,2,4.21,6.2,1,4,1,43.04,58.27,Poor
86.66,5.97,79.81,74.63,84.93,61.61,0,8.6,8.0,1,3,1,73.12,81.86,Good
46.61,1.1,49.24,36.05,20.0,36.0,4,5.24,6.7,1,2,1,40.71,56.12,Poor
77.27,7.74,75.82,73.59,72.38,80.76,1,7.05,6.2,1,3,1,69.73,75.73,Good
77.37,9.27,79.87,71.63,88.81,68.51,0,8.38,8.1,1,2,1,87.81,83.13,Good
32.81,1.22,51.66,40.68,47.42,43.34,3,5.28,6.4,0,1,1,29.21,62.19,Poor
86.3,8.18,84.78,68.25,90.67,87.16,1,6.59,8.1,1,1,1,71.33,80.85,Good
89.96,11.06,97.86,94.13,92.57,81.93,1,9.09,6.5,0,2,1,92.39,95.26,Excellent
53.26,4.78,67.06,47.96,61.48,65.5,2,6.41,6.6,1,1,1,48.62,77.53,Average
49.33,0.5,47.33,41.39,45.11,47.46,3,4.05,9.2,1,0,1,29.3,66.99,Poor
56.82,0.75,26.74,44.67,33.92,41.3,4,4.02,7.2,1,2,1,45.84,66.86,Poor
64.29,3.24,70.35,45.29,48.89,53.24,0,5.75,4.0,1,4,1,52.7,83.85,Average
43.0,3.01,35.96,25.94,49.65,48.13,3,6.14,8.2,1,2,1,40.62,65.79,Poor
88.09,10.67,100.0,87.43,92.19,94.58,0,10.0,7.1,0,1,1,89.29,92.59,Excellent
35.11,2.26,51.33,42.8,39.98,34.29,8,4.33,5.6,1,2,1,52.31,62.29,Poor
72.82,9.35,69.75,87.9,77.01,87.63,0,7.9,7.5,0,2,1,68.15,85.38,Good
83.21,6.03,68.43,64.69,66.44,67.01,1,7.38,7.2,1,2,1,76.24,88.8,Good
67.42,9.74,70.67,73.97,71.18,73.99,1,7.81,7.4,1,2,1,70.23,92.97,Good
40.97,2.08,49.39,40.11,27.38,32.58,3,5.15,6.4,1,3,0,46.91,75.67,Poor
96.8,8.78,91.99,90.04,100.0,95.16,1,9.94,8.3,0,2,1,92.08,93.64,Excellent
43.1,1.85,49.23,40.66,29.66,34.74,5,4.95,8.7,1,2,1,46.08,61.05,Poor
94.26,10.87,85.78,95.03,99.51,100.0,0,9.32,9.4,1,3,0,89.43,96.56,Excellent
53.77,4.18,54.86,53.61,55.69,56.91,2,7.12,5.2,0,0,1,51.99,72.65,Average
87.09,7.77,80.33,76.98,93.73,80.67,0,7.43,6.9,0,2,0,73.47,85.36,Good
66.05,4.7,56.33,49.9,53.69,58.82,0,7.17,4.0,1,0,0,66.09,70.08,Average
64.38,5.26,51.67,67.07,48.85,53.47,0,6.65,9.9,1,4,0,50.72,76.59,Average
73.72,5.53,80.02,74.06,75.53,80.67,0,7.98,6.2,1,3,1,74.57,89.5,Good
88.41,7.92,78.88,78.47,80.12,73.94,0,8.65,4.0,1,1,1,59.48,89.52,Good
39.49,1.72,53.44,29.65,20.0,34.83,5,3.63,6.1,1,1,1,37.71,67.14,Poor
89.64,7.97,81.31,86.77,71.22,76.25,0,9.02,7.2,0,2,0,64.68,73.07,Good
68.62,4.68,58.09,47.61,61.86,51.95,2,6.22,7.3,1,3,1,55.4,79.99,Average
50.07,2.19,32.34,41.3,33.34,33.89,5,4.81,5.6,1,3,0,24.65,51.93,Poor
58.2,3.18,41.64,47.0,55.23,45.03,6,5.02,5.9,0,3,1,33.18,50.91,Poor
88.34,11.14,96.46,96.43,89.97,84.04,0,9.27,7.6,1,3,1,93.06,95.28,Excellent
93.52,10.63,94.41,88.39,96.66,100.0,0,8.26,5.6,1,1,1,92.73,100.0,Excellent
40.83,1.36,43.38,39.61,50.73,33.46,6,3.96,5.3,1,3,0,34.72,51.01,Poor
76.05,8.13,78.82,77.49,71.06,85.11,1,7.02,6.1,1,1,1,75.2,92.93,Good
99.96,8.11,96.16,95.45,93.29,94.19,1,9.76,8.2,1,1,0,96.86,91.43,Excellent
78.57,10.21,74.05,83.85,81.37,74.16,1,7.81,10.0,1,3,1,87.65,79.98,Good
100.0,11.59,96.86,90.92,91.14,94.16,0,9.29,8.2,1,4,0,93.44,90.46,Excellent
76.33,9.53,79.47,76.78,68.95,67.29,0,5.84,8.6,1,1,1,81.6,86.11,Good
46.05,1.89,50.46,52.63,26.9,24.71,6,4.82,4.5,1,2,1,48.21,64.67,Poor
76.8,7.26,73.91,67.06,74.0,80.15,0,7.85,8.1,0,2,0,72.98,85.16,Good
90.0,5.29,72.4,78.8,87.77,73.36,0,9.08,7.0,1,0,1,70.76,93.97,Good
81.94,7.47,78.75,76.42,73.31,82.26,2,7.95,6.2,1,2,1,71.06,76.05,Good
90.09,8.86,83.64,94.86,84.84,86.36,2,8.89,5.4,1,1,1,90.94,91.77,Excellent
95.58,8.67,93.41,99.02,96.93,90.44,0,10.0,5.7,1,2,0,92.84,93.44,Excellent
71.48,7.74,70.25,80.1,79.24,62.72,2,7.86,5.9,1,0,0,66.63,84.46,Good
60.44,4.31,55.82,48.53,56.8,60.15,3,5.31,7.7,0,2,0,58.9,81.96,Average
70.19,9.48,78.58,68.91,75.9,84.77,0,7.32,4.9,1,3,0,70.03,92.85,Good
91.56,10.8,99.55,91.77,92.36,96.51,0,9.07,7.9,1,0,0,91.74,90.42,Excellent
43.21,1.74,34.01,38.64,43.78,37.29,6,3.64,4.8,1,2,1,36.26,48.72,Poor
84.33,9.76,74.82,64.81,84.21,70.67,1,7.96,4.0,1,4,1,74.29,81.97,Good
53.04,2.58,36.1,23.74,36.86,47.01,7,6.09,6.5,1,2,0,27.46,70.42,Poor
82.08,9.93,71.92,69.99,78.18,88.15,0,7.69,6.9,1,3,0,78.84,92.65,Good
55.21,4.28,65.02,48.5,61.45,67.72,1,7.46,8.3,1,0,1,60.27,57.62,Average
92.25,8.84,94.4,98.65,91.02,80.55,1,9.52,5.1,1,3,1,94.64,94.88,Excellent
88.16,10.78,95.65,83.12,96.05,96.9,0,9.27,7.5,1,2,1,96.34,93.57,Excellent
88.25,10.52,99.79,85.02,94.38,93.12,0,9.53,9.5,1,2,0,87.25,100.0,Excellent
86.94,10.14,89.89,95.03,93.37,88.37,0,8.41,8.1,1,4,1,90.14,88.1,Excellent
56.97,1.14,42.26,34.63,44.77,37.14,1,4.67,7.6,1,2,1,48.64,76.63,Poor
59.59,5.45,59.18,46.76,52.12,59.59,0,7.19,4.6,0,2,1,53.3,68.33,Average
67.04,8.68,71.75,74.27,73.53,74.68,4,7.01,10.0,1,3,0,81.97,80.9,Good
51.64,1.78,42.32,33.49,41.64,45.13,6,5.85,6.2,1,2,0,21.94,59.38,Poor
59.2,2.45,50.2,37.1,46.0,41.23,3,4.9,8.6,1,3,1,37.38,47.99,Poor
83.94,5.51,75.85,74.78,70.79,75.77,1,7.55,9.2,1,0,0,72.47,83.15,Good
73.99,4.16,65.88,58.64,69.12,54.9,0,6.38,6.7,1,2,1,58.34,76.97,Average
52.26,1.41,41.44,39.58,28.0,32.77,9,5.67,4.7,1,3,0,28.78,69.97,Poor
93.27,9.52,86.14,92.01,88.21,84.09,0,9.73,5.4,1,2,1,93.54,97.23,Excellent
80.95,3.57,74.53,77.19,80.08,76.2,0,8.37,9.5,1,3,1,75.03,90.33,Good
82.21,9.23,88.67,92.33,83.01,99.1,1,9.36,7.2,1,3,0,98.81,88.55,Excellent
61.12,4.13,66.89,52.3,47.66,56.71,1,6.11,7.5,1,3,1,58.93,72.43,Average
73.19,8.97,75.82,68.74,69.84,90.04,0,8.03,4.0,1,2,1,76.84,94.99,Good
61.05,5.6,64.42,59.46,60.09,62.49,1,4.93,4.6,1,0,1,59.84,67.09,Average
96.47,5.72,88.22,86.87,92.72,89.81,2,9.67,7.0,1,2,1,93.23,94.72,Excellent
82.27,4.79,59.76,82.41,78.96,84.75,1,9.06,7.0,1,2,1,77.94,87.94,Good
60.33,2.8,52.19,42.72,59.32,70.08,3,5.64,7.0,0,2,1,49.23,58.76,Average
67.44,4.41,67.6,59.69,61.68,49.27,3,6.18,6.6,1,4,1,47.9,80.48,Average
41.5,0.75,27.4,34.23,55.61,41.17,3,3.49,4.0,1,1,0,25.23,56.72,Poor
79.52,8.05,91.15,65.92,87.12,83.31,1,7.43,7.9,1,3,0,76.3,96.56,Good
46.39,3.21,38.96,36.27,35.47,30.04,4,4.41,8.1,1,2,1,24.08,49.71,Poor
54.4,3.16,71.26,58.26,60.81,58.85,2,6.37,6.8,1,3,1,52.31,72.34,Average
86.56,6.62,73.24,63.98,85.52,84.18,1,8.51,9.3,1,2,0,86.23,88.95,Good
98.71,10.29,100.0,97.63,90.73,92.64,0,8.27,5.0,1,1,1,92.09,96.07,Excellent
50.73,2.72,44.32,36.41,44.73,44.44,6,4.83,5.8,1,2,0,32.41,56.5,Poor
55.46,2.65,23.53,55.34,42.36,32.79,4,4.43,6.8,1,3,1,30.07,62.11,Poor
82.27,6.7,82.38,67.0,72.7,69.75,1,8.51,8.6,1,1,1,81.6,89.41,Good
59.17,4.39,67.65,54.35,57.02,72.79,0,5.4,7.9,1,2,0,35.02,74.1,Average
62.95,4.85,41.47,55.32,69.0,68.12,2,6.53,6.3,1,3,1,48.25,73.32,Average
41.08,1.92,50.47,43.23,36.27,26.9,5,4.58,4.0,0,3,1,44.43,62.27,Poor
76.54,6.75,84.55,78.58,87.87,78.52,0,8.52,9.1,1,3,1,63.04,91.23,Good
91.1,8.27,96.75,94.59,94.54,94.44,0,10.0,8.5,1,0,1,98.72,98.83,Excellent
43.81,2.76,31.34,47.43,30.44,41.29,5,5.09,7.0,0,2,0,30.38,64.55,Poor
67.27,3.18,70.73,62.31,55.94,43.12,2,5.48,7.6,1,1,1,44.18,59.83,Average
49.85,1.26,42.11,42.91,41.21,42.04,3,5.84,7.8,0,1,1,32.17,48.35,Poor
91.56,11.61,94.98,100.0,99.9,98.22,0,9.74,7.4,1,1,1,91.95,100.0,Excellent
69.44,3.54,60.73,55.57,58.25,64.13,2,7.11,6.8,1,1,0,48.81,73.56,Average
66.78,4.15,70.15,64.71,66.98,50.27,0,7.41,6.5,1,3,1,43.59,74.73,Average
89.52,10.33,96.46,89.65,98.26,86.35,2,9.05,5.7,0,1,1,94.1,93.97,Excellent
74.75,7.17,68.26,89.24,75.04,82.32,0,8.26,7.0,1,3,1,75.96,94.6,Good
76.78,5.88,72.2,77.87,82.82,61.3,2,8.71,7.3,1,2,1,72.79,92.49,Good
72.36,7.12,74.08,79.92,83.8,70.63,0,6.87,8.6,1,1,0,75.16,84.14,Good
63.95,4.04,68.17,35.3,59.87,57.15,3,6.54,5.9,1,3,1,65.09,67.16,Average
68.3,3.91,54.22,73.59,48.42,57.53,3,8.47,6.4,1,2,0,50.25,86.49,Average
85.92,9.66,91.26,95.63,94.23,95.62,0,8.71,6.6,1,2,1,93.12,92.8,Excellent
58.98,3.79,64.75,56.74,54.87,71.32,1,6.77,5.4,1,3,1,41.95,76.34,Average
71.76,6.85,49.61,51.69,67.18,67.04,1,5.73,5.1,0,3,1,42.16,62.33,Average
78.66,7.2,80.07,85.41,79.88,73.22,0,8.65,8.9,1,2,1,70.62,83.21,Good
86.69,7.44,72.24,80.65,81.87,79.0,0,7.84,8.5,0,4,0,66.76,99.11,Good
85.06,7.67,83.55,80.13,79.18,74.38,0,7.2,10.0,1,2,0,74.99,86.24,Good
39.13,2.47,44.83,46.66,33.67,39.27,8,6.35,5.8,1,3,0,51.22,56.18,Poor
45.61,1.59,38.22,41.36,28.02,49.25,6,4.96,5.5,1,3,1,43.19,55.9,Poor
47.62,1.03,47.66,39.16,21.44,45.26,8,3.55,9.2,1,1,0,38.35,56.96,Poor
46.58,2.26,41.3,28.89,43.89,23.41,6,6.02,5.6,0,2,1,32.94,62.8,Poor
69.55,1.63,64.28,51.57,62.46,56.02,2,6.23,6.7,1,1,1,44.37,77.94,Average
54.45,0.81,47.2,43.96,24.71,39.74,4,4.59,7.9,1,2,0,27.94,58.99,Poor
91.19,10.72,79.38,100.0,96.66,93.24,0,8.93,7.6,1,1,0,92.78,93.29,Excellent
75.19,5.47,75.97,64.71,80.34,76.25,0,7.38,8.9,1,2,0,76.06,86.31,Good
42.64,0.99,31.78,42.46,34.55,46.74,5,4.07,6.3,1,0,1,38.8,62.56,Poor
85.25,7.24,71.65,78.28,71.91,64.69,0,7.01,5.3,1,3,0,74.93,74.18,Good
70.36,5.32,79.17,73.39,72.69,80.72,0,7.94,9.0,1,4,1,69.24,82.37,Good
91.89,8.3,94.6,97.51,98.45,94.33,2,10.0,9.1,1,3,1,94.03,98.35,Excellent
79.48,6.21,72.99,69.45,78.64,74.77,1,8.43,6.6,1,1,1,78.3,83.43,Good
80.02,9.34,83.38,66.7,83.11,75.06,0,9.29,8.2,1,3,0,83.4,77.19,Good
81.68,9.38,82.03,83.29,81.29,66.77,1,7.71,5.5,1,2,1,78.52,83.77,Good
92.37,11.25,93.61,90.44,99.17,89.06,0,10.0,4.0,1,2,1,92.09,91.97,Excellent
59.41,6.21,75.34,60.32,52.59,50.32,4,6.4,8.0,0,1,1,74.14,55.71,Average
89.61,6.39,94.06,100.0,85.85,92.78,0,9.04,6.5,1,2,1,90.23,88.82,Excellent
61.01,6.34,57.61,55.39,60.46,60.28,1,5.81,7.2,1,2,1,55.17,78.8,Average
94.78,10.6,92.21,88.82,93.07,84.5,0,8.34,5.1,1,3,0,97.74,96.06,Excellent
53.35,2.54,48.23,58.15,57.48,33.51,4,5.96,4.3,1,2,1,30.84,57.38,Poor
85.1,8.03,78.89,74.6,70.48,68.65,2,8.41,6.3,1,2,1,72.27,77.11,Good
63.75,6.91,58.84,60.31,50.57,56.24,3,6.41,8.6,1,2,1,55.81,72.83,Average
85.33,10.33,92.93,90.38,96.46,92.71,0,9.29,5.9,1,1,1,88.93,88.72,Excellent
76.5,7.35,67.57,70.69,81.19,77.41,0,7.21,7.8,1,4,1,75.48,93.2,Good
94.16,11.21,92.88,87.38,95.23,87.52,0,9.23,7.8,1,3,1,85.48,95.46,Excellent
74.86,5.01,74.22,69.94,74.45,80.77,0,7.56,7.1,1,3,0,74.9,87.05,Good
96.6,10.64,92.7,99.66,96.91,90.25,0,8.9,7.8,0,4,0,89.2,93.7,Excellent
44.1,3.06,44.03,48.59,46.38,29.59,7,4.85,7.0,1,2,1,28.3,48.16,Poor
93.54,10.02,96.47,97.37,91.48,91.75,0,8.75,7.4,1,3,1,89.73,91.4,Excellent
70.89,4.72,75.63,76.61,80.53,73.38,1,8.48,7.3,1,2,1,61.31,83.42,Good
78.4,9.66,70.27,65.84,82.05,80.84,0,7.52,8.2,1,2,0,71.43,87.05,Good
94.53,12.0,96.12,92.81,97.8,90.53,0,9.4,5.2,1,3,0,89.96,93.94,Excellent
44.25,0.5,53.07,40.36,43.55,35.21,6,3.63,8.3,0,2,1,44.62,58.94,Poor
47.29,3.46,40.1,43.08,47.02,37.43,6,4.38,5.3,0,1,1,23.14,50.96,Poor
66.18,6.38,79.73,78.52,73.64,84.69,1,7.5,8.1,0,1,1,68.92,81.76,Good
36.81,2.72,52.83,59.7,30.4,44.59,3,3.57,7.1,1,1,1,24.9,51.29,Poor
49.72,3.36,49.08,48.8,48.97,34.81,5,6.36,5.5,1,3,1,39.5,63.62,Poor
62.47,3.22,52.93,50.17,57.82,67.87,1,5.72,6.7,1,2,0,52.92,60.42,Average
97.27,10.14,93.38,87.67,93.64,98.16,1,8.45,7.8,0,0,1,89.01,88.74,Excellent
49.55,3.19,36.33,35.02,35.9,32.59,6,5.02,5.2,1,3,1,42.32,55.48,Poor
61.3,1.2,43.01,58.27,64.91,61.0,5,4.94,6.6,1,2,0,47.76,58.04,Average
75.17,7.56,74.85,74.21,62.03,67.44,2,6.88,6.9,1,4,1,67.12,78.33,Good
93.21,12.0,94.73,92.6,91.38,95.19,0,8.8,7.0,1,1,0,100.0,99.37,Excellent
72.45,8.07,74.01,67.4,94.24,68.63,0,7.82,8.2,1,2,0,76.05,76.12,Good
94.31,8.78,88.21,84.63,95.53,86.23,1,9.35,6.4,1,1,0,88.88,99.64,Excellent
74.65,8.81,71.53,81.01,76.32,62.67,2,7.06,8.2,1,4,0,72.23,64.5,Good
98.82,9.97,88.64,83.63,90.57,89.41,0,8.59,7.5,1,2,1,96.47,97.67,Excellent
58.68,3.55,52.2,53.67,66.05,56.22,3,6.51,7.2,1,2,1,43.74,68.97,Average
52.22,6.13,57.77,51.11,44.17,55.85,2,6.48,7.2,1,3,0,57.0,69.89,Average
96.06,9.56,79.4,86.05,97.1,81.85,0,9.29,8.1,1,2,0,92.68,86.46,Excellent
74.76,2.69,47.71,56.91,54.99,59.16,2,6.81,4.9,1,3,1,59.27,73.82,Average
75.59,4.86,67.97,75.77,73.49,71.01,0,7.84,7.4,1,2,0,80.1,90.46,Good
51.03,1.58,37.02,48.79,44.91,20.96,0,4.15,6.1,1,1,1,29.71,63.53,Poor
92.08,10.81,91.4,89.28,95.66,100.0,2,9.17,6.5,1,1,1,100.0,91.78,Excellent
36.81,4.14,38.42,44.84,53.59,20.48,7,5.59,7.1,1,2,0,34.71,63.67,Poor
58.5,5.62,59.25,63.52,68.7,63.53,0,5.91,7.0,1,2,1,55.74,62.76,Average
42.15,2.19,31.71,39.13,55.2,47.18,7,5.7,6.6,0,4,1,47.32,53.07,Poor
44.78,1.12,51.78,41.56,28.45,44.5,1,5.14,6.1,1,2,0,32.4,70.46,Poor
70.69,4.56,64.28,72.13,68.31,58.75,2,5.5,7.3,1,3,0,45.53,71.82,Average
100.0,9.85,94.14,97.26,89.95,94.33,1,8.88,7.4,1,1,1,96.82,96.61,Excellent
74.17,5.37,56.44,62.34,60.6,68.55,2,5.76,8.4,1,0,1,67.55,84.08,Average
68.23,7.06,75.75,65.16,77.08,82.61,1,7.92,8.0,1,1,1,74.91,81.06,Good
53.05,2.72,28.66,49.67,59.98,39.37,6,4.63,5.3,0,4,0,39.07,57.95,Poor
91.18,7.76,98.78,90.01,87.66,91.66,0,8.66,10.0,1,4,1,92.65,100.0,Excellent
44.3,1.25,41.66,43.9,39.8,37.26,3,5.53,9.8,1,4,0,37.39,51.31,Poor
84.98,10.4,93.14,90.77,93.33,93.22,1,9.14,8.0,1,0,0,94.42,94.86,Excellent
60.03,7.08,52.86,53.17,56.42,48.28,2,6.33,6.4,1,2,0,57.67,72.05,Average
84.06,9.62,72.1,77.19,81.37,69.55,0,9.91,6.9,1,3,0,76.96,86.81,Good
79.87,6.04,76.18,67.87,88.74,67.01,0,6.59,6.0,0,4,1,71.41,92.77,Good
73.13,5.39,77.25,74.27,83.39,75.94,0,6.66,7.3,1,1,1,94.83,83.27,Good
65.96,2.55,62.62,55.15,60.23,63.58,1,6.62,7.9,1,2,1,71.79,71.4,Average
77.69,4.95,89.46,74.67,77.8,79.6,0,9.92,6.0,1,4,0,73.19,89.57,Good
66.53,5.54,74.3,40.61,59.46,67.53,2,7.13,5.7,0,0,1,66.54,74.25,Average
100.0,7.44,91.79,88.29,100.0,95.49,0,8.95,7.1,1,2,0,84.13,95.56,Excellent
66.01,5.5,64.38,72.17,46.25,48.38,3,5.08,6.5,1,2,1,69.93,59.54,Average
40.13,1.43,44.45,35.24,44.9,31.17,4,5.62,8.4,1,1,0,24.93,47.59,Poor
42.24,1.3,37.27,35.91,34.92,40.67,5,4.1,9.1,1,2,1,37.57,38.27,Poor
36.37,1.52,41.36,25.49,45.71,37.17,6,4.78,4.0,1,0,1,43.73,56.94,Poor
47.58,3.49,57.53,49.22,39.49,57.22,4,6.06,4.2,1,0,0,47.85,78.88,Average
60.31,5.23,63.05,73.93,61.3,49.5,2,6.79,7.6,1,1,1,56.33,81.95,Average
46.24,1.46,65.63,41.23,33.28,49.58,5,4.52,7.0,1,3,0,31.77,67.42,Poor
50.17,2.26,60.09,58.2,54.27,64.48,5,5.6,4.9,1,3,1,71.84,72.78,Average
41.34,2.33,42.52,53.47,39.13,35.97,3,4.98,7.3,1,3,0,25.39,61.13,Poor
93.94,8.09,87.63,72.52,73.42,76.79,0,8.1,5.2,1,2,1,80.28,92.57,Good
56.72,0.78,46.24,29.64,31.09,33.95,4,3.22,6.7,1,1,1,30.61,66.3,Poor
80.93,4.79,57.82,65.71,62.0,61.19,2,6.16,7.2,0,2,0,52.67,68.08,Average
34.43,1.58,46.52,31.87,28.59,39.55,3,5.41,8.8,1,2,0,41.54,65.13,Poor
57.87,2.57,24.57,39.05,46.9,28.25,10,6.61,6.9,1,3,0,39.83,50.24,Poor
98.34,9.25,95.38,84.96,94.92,94.76,0,8.71,8.9,1,0,0,99.01,98.96,Excellent
100.0,10.48,98.61,93.17,93.52,90.83,0,8.87,8.2,1,2,1,92.03,95.46,Excellent
93.19,8.69,92.86,96.19,88.28,92.94,0,9.6,5.3,0,2,0,93.64,98.5,Excellent
40.34,3.06,61.2,32.11,44.27,33.19,4,3.52,8.3,1,3,0,31.37,50.73,Poor
90.19,10.32,100.0,88.61,99.86,99.99,0,8.84,9.7,1,1,0,91.24,96.13,Excellent
87.63,6.64,76.81,83.19,75.61,76.18,1,7.74,6.7,0,2,1,79.78,90.14,Good
77.46,5.35,85.53,82.56,75.58,72.19,0,8.26,5.6,1,2,0,78.14,84.89,Good
47.98,5.84,48.48,43.82,57.09,71.69,4,5.94,6.6,1,2,1,44.44,75.2,Average
89.35,12.0,93.47,97.77,90.36,91.99,0,9.46,8.9,0,0,0,98.34,95.91,Excellent
98.91,11.0,92.3,83.04,85.02,84.58,0,9.1,5.4,1,0,1,90.71,93.79,Excellent
64.21,5.96,75.44,62.66,72.64,48.3,0,6.2,7.2,0,3,0,49.72,80.37,Average
50.66,3.11,50.31,55.52,71.37,58.13,3,4.89,8.4,1,1,1,54.46,74.04,Average
65.83,3.95,57.53,38.1,58.23,65.75,1,5.65,5.6,1,3,0,57.88,70.77,Average
97.29,9.33,94.36,94.98,95.97,90.48,0,8.4,6.5,1,2,0,97.53,93.72,Excellent
45.67,3.9,65.07,60.13,56.9,49.22,1,6.46,6.0,0,3,1,56.13,73.71,Average
98.84,10.74,90.69,96.21,93.54,87.09,0,9.21,7.6,1,2,0,90.22,91.84,Excellent
64.41,4.78,66.36,66.15,55.25,53.07,2,6.79,6.7,1,3,0,60.32,83.94,Average
73.5,5.8,74.07,72.4,77.45,66.41,1,8.42,8.5,1,1,1,82.89,72.37,Good
100.0,8.82,95.95,87.06,93.24,100.0,0,9.73,7.0,1,2,0,91.97,100.0,Excellent
73.07,3.98,60.11,45.62,55.7,66.98,2,6.16,6.3,1,4,1,55.67,78.03,Average
76.98,10.21,78.6,72.47,85.81,80.87,0,6.93,5.4,1,1,1,69.95,100.0,Good
79.91,6.99,72.3,62.75,66.87,89.81,0,8.38,8.0,1,2,0,82.87,82.41,Good
84.1,9.78,90.66,90.2,95.57,89.11,0,9.16,7.1,1,4,0,97.99,97.43,Excellent
45.45,0.66,52.56,41.7,29.86,42.51,8,4.03,5.1,1,2,0,41.47,58.43,Poor
70.96,8.88,81.66,71.56,81.52,77.08,0,7.44,6.9,1,1,0,76.27,89.08,Good
55.23,3.36,46.45,37.9,38.14,43.39,6,4.1,6.3,1,1,1,47.01,68.32,Poor
63.72,6.96,73.07,75.45,74.6,89.31,0,8.1,6.8,1,1,0,78.69,72.7,Good
76.92,6.61,76.74,81.65,85.32,74.21,0,6.98,5.5,1,1,1,70.67,75.45,Good
68.76,4.29,71.1,48.95,55.49,55.04,0,5.57,6.0,0,2,0,51.14,76.75,Average
100.0,10.45,86.82,87.33,97.07,94.43,0,9.6,6.5,1,2,0,82.36,92.46,Excellent
58.76,1.77,35.68,40.53,54.57,42.45,5,3.35,8.0,1,4,1,27.63,48.66,Poor
72.02,4.11,69.15,61.93,50.21,69.4,3,6.37,7.2,1,2,0,49.37,86.04,Average
98.48,7.39,91.51,98.34,96.51,92.56,0,9.54,8.9,0,3,1,94.8,100.0,Excellent
70.53,2.98,54.77,54.06,52.77,43.61,2,6.32,5.8,1,3,1,52.05,59.86,Average
54.69,4.48,51.16,63.23,54.28,57.23,1,7.58,7.7,1,3,1,53.07,82.24,Average
79.85,8.56,86.83,75.15,80.53,85.52,0,8.1,7.9,0,2,1,74.76,91.1,Good
64.77,6.23,54.13,49.94,62.03,43.66,0,6.55,6.2,1,2,1,51.73,69.58,Average
74.95,4.11,51.96,60.15,58.27,48.58,3,5.85,9.6,1,1,1,50.14,58.38,Average
91.76,10.98,94.74,92.46,98.85,84.0,0,8.86,8.4,1,2,1,93.52,98.73,Excellent
47.49,2.6,43.59,44.64,22.16,54.05,1,4.8,4.0,1,2,1,22.02,50.19,Poor
95.87,12.0,89.54,94.7,86.16,94.79,0,8.9,6.5,1,0,1,90.74,94.9,Excellent
60.32,4.44,50.21,72.37,53.17,52.64,2,6.75,8.6,0,3,1,69.48,77.77,Average
37.35,3.54,41.61,41.39,46.67,33.96,5,4.17,6.7,1,3,0,27.61,47.47,Poor
74.02,6.43,60.15,57.32,61.26,60.47,1,4.99,6.3,0,2,1,55.65,76.31,Average
47.63,2.14,38.37,31.6,25.96,33.44,4,5.37,6.1,1,3,1,36.43,50.53,Poor
72.09,6.26,84.84,75.47,63.46,66.7,0,8.6,6.4,1,3,1,58.25,85.68,Good
90.04,7.93,62.76,79.73,86.34,75.93,1,8.15,4.0,1,2,0,82.6,88.33,Good
65.53,3.45,45.26,45.37,56.24,59.56,3,6.48,8.6,1,4,1,60.92,72.18,Average
49.82,3.91,46.46,46.06,51.99,50.62,1,5.49,6.7,1,3,1,59.15,68.45,Average
78.62,5.24,83.99,75.9,79.56,87.7,2,8.32,9.5,1,2,1,73.63,88.08,Good
39.89,3.81,48.25,42.41,38.67,29.49,8,5.71,6.6,1,3,0,35.07,57.96,Poor
72.45,6.3,46.03,52.42,64.3,62.42,4,5.49,9.5,1,0,1,47.74,53.7,Average
75.66,6.62,66.53,73.31,66.26,84.81,0,6.75,4.8,0,2,1,76.25,72.25,Good
77.63,5.25,54.57,52.23,59.94,48.99,1,5.56,9.7,0,0,1,51.62,74.85,Average
82.7,5.74,83.0,64.11,74.95,74.69,0,7.54,8.3,0,2,1,65.89,77.26,Good
64.24,5.21,79.24,50.05,51.04,51.96,1,6.27,6.6,1,1,1,68.55,73.71,Average
71.09,4.23,59.71,67.68,65.62,60.81,2,5.83,8.0,1,1,0,44.42,75.77,Average
40.84,1.45,35.61,45.76,22.42,31.94,3,6.1,4.1,0,2,1,47.36,44.69,Poor
37.54,2.45,36.84,34.69,34.24,29.99,2,4.97,7.9,0,2,0,51.34,62.08,Poor
89.7,8.66,81.95,99.2,90.57,98.32,0,9.03,9.9,1,2,1,96.53,99.19,Excellent
81.8,6.55,79.53,71.48,64.77,67.25,0,6.99,6.8,1,2,1,75.14,97.12,Good
70.53,5.22,70.57,54.32,56.56,47.59,4,7.06,6.6,1,1,0,40.06,67.39,Average
44.56,2.7,31.84,48.37,28.28,33.65,5,6.88,7.3,1,3,0,35.78,66.43,Poor
81.61,7.69,71.22,90.11,75.64,76.29,1,7.55,6.0,1,2,1,72.32,86.83,Good
82.25,9.0,87.42,62.84,69.79,85.67,1,7.56,6.2,1,2,0,70.3,77.22,Good
86.97,6.63,84.29,83.07,71.5,84.36,0,8.29,7.6,0,1,0,71.31,85.96,Good
41.49,2.14,41.22,43.22,40.42,39.62,10,4.72,7.1,1,2,1,28.17,67.82,Poor
64.36,3.85,56.34,60.54,72.97,71.07,1,6.21,6.2,1,2,1,57.02,67.61,Average
34.93,1.07,24.21,32.74,46.13,35.69,6,3.22,4.9,1,2,1,41.16,66.45,Poor
48.64,0.5,40.34,38.78,55.62,44.5,4,3.51,5.8,1,2,1,40.33,56.44,Poor
52.52,6.27,64.86,68.04,66.41,74.48,0,5.5,7.8,1,2,1,66.85,60.41,Average
64.6,1.67,59.42,64.92,56.18,71.42,2,6.2,7.9,1,0,0,76.78,59.2,Average
61.74,4.31,59.82,55.62,65.07,54.9,2,7.13,5.6,1,2,1,38.9,57.54,Average
77.53,3.95,52.28,63.5,56.51,51.27,2,6.18,7.1,1,3,1,51.93,77.14,Average
46.91,1.82,47.24,39.79,36.88,43.13,6,3.43,7.0,0,3,1,33.09,53.49,Poor
96.95,6.02,99.33,88.81,97.43,96.21,0,8.95,6.5,1,2,0,86.99,87.86,Excellent
49.68,1.94,46.88,28.28,34.06,38.07,5,4.62,7.5,1,3,0,39.83,68.5,Poor
57.43,3.83,54.46,63.09,61.61,58.79,2,6.02,7.1,1,3,1,38.8,73.76,Average
100.0,9.36,91.33,96.82,93.55,94.97,0,9.32,5.7,1,1,1,92.83,99.25,Excellent
100.0,10.96,91.43,82.4,87.11,100.0,0,9.26,9.3,1,2,1,95.32,93.63,Excellent
94.19,10.59,68.65,76.44,70.01,76.39,0,7.86,9.5,1,2,1,79.64,78.73,Good
96.02,9.83,94.09,93.94,91.29,88.63,0,9.59,6.0,1,3,1,90.28,92.58,Excellent
79.92,7.39,69.96,74.94,87.33,83.76,2,8.25,8.0,1,2,1,87.74,85.42,Good
80.02,6.28,83.64,81.07,84.84,77.68,1,7.52,4.0,1,3,0,74.53,89.03,Good
81.28,6.25,64.48,78.15,85.33,74.92,0,7.63,6.5,1,0,0,87.0,97.81,Good
93.77,7.44,85.25,69.1,86.53,83.83,1,5.68,5.5,0,2,0,70.51,81.62,Good
55.73,1.26,33.32,32.85,43.96,34.23,6,3.91,5.9,1,2,1,27.22,53.9,Poor
90.26,6.31,67.74,69.66,76.05,76.76,0,8.19,7.4,1,3,1,74.18,82.81,Good
77.45,9.32,76.96,65.81,91.48,92.41,3,7.56,7.0,1,3,0,71.75,94.47,Good
70.31,3.14,55.39,49.86,53.42,47.7,3,5.85,8.3,1,3,1,64.43,82.99,Average
87.61,9.57,89.41,86.95,96.98,97.22,0,10.0,6.2,1,4,0,90.15,90.86,Excellent
100.0,9.33,98.53,93.23,95.87,97.01,1,9.67,7.7,1,3,1,90.79,98.13,Excellent
73.76,4.62,48.54,55.24,60.35,43.31,5,6.16,9.5,1,1,0,53.53,66.32,Average
52.87,0.5,47.54,21.06,37.79,25.36,6,4.73,7.0,1,1,1,33.02,54.07,Poor
89.67,9.22,85.38,90.03,86.97,93.31,0,9.48,7.4,1,0,1,87.88,94.2,Excellent
95.01,7.43,96.54,92.67,100.0,99.03,0,9.64,6.6,1,1,1,90.08,100.0,Excellent
55.32,2.91,67.38,50.43,53.43,62.3,0,5.76,7.0,1,3,0,44.22,67.65,Average
59.18,1.65,50.94,60.88,62.72,55.65,1,6.54,5.3,0,3,1,61.7,82.81,Average
30.0,2.2,57.85,36.17,38.2,41.36,6,5.41,4.0,0,2,0,22.9,57.68,Poor
59.37,7.69,36.81,56.56,73.81,58.97,3,6.41,6.3,1,2,0,48.8,66.1,Average
54.89,3.48,41.43,28.08,41.91,53.28,5,5.53,7.9,1,2,1,34.21,56.01,Poor
88.83,8.42,77.12,73.42,75.3,68.97,0,6.32,6.2,1,1,1,72.32,85.77,Good
69.86,6.52,67.47,61.76,60.09,50.15,3,6.52,5.3,1,3,1,70.34,60.3,Average
77.48,9.29,75.52,72.82,87.75,69.96,1,7.24,7.2,0,4,1,68.73,78.0,Good
60.63,2.66,68.41,53.33,51.31,58.24,2,6.22,5.9,1,0,1,36.14,62.79,Average
99.95,11.0,92.36,99.32,97.31,88.39,0,9.44,8.2,1,3,0,91.33,97.69,Excellent
90.22,9.85,99.73,89.2,86.14,87.24,0,8.71,7.5,1,1,0,90.68,93.44,Excellent
77.37,7.43,78.15,50.68,73.35,73.76,0,8.52,8.3,1,1,0,79.69,100.0,Good
89.98,8.9,100.0,96.72,99.51,94.96,0,8.82,5.5,1,2,1,88.06,98.85,Excellent
88.51,9.46,99.68,83.36,83.66,92.95,0,9.36,6.4,1,2,1,98.99,88.94,Excellent
46.99,2.48,51.17,36.33,52.16,21.91,8,3.11,7.4,1,1,0,29.54,46.85,Poor
78.5,2.1,71.59,70.37,82.73,70.86,1,8.45,7.8,1,1,0,81.32,82.5,Good
61.88,6.98,64.63,64.47,72.86,65.22,0,7.08,8.3,1,3,1,43.73,76.06,Average
45.94,2.55,42.34,31.18,34.16,44.63,6,4.55,8.0,1,1,1,37.67,67.89,Poor
39.36,1.49,53.4,36.08,57.61,22.5,9,4.76,7.0,1,2,1,23.15,54.74,Poor
65.18,5.42,64.68,56.88,54.95,62.8,0,6.76,8.2,1,4,1,70.07,77.95,Average
53.98,1.28,42.93,40.0,32.35,57.54,6,4.65,7.3,1,2,1,46.67,69.81,Poor
77.97,8.17,82.21,80.72,86.28,69.37,0,8.52,4.4,1,2,1,72.93,94.46,Good
64.35,3.54,58.54,67.02,60.91,51.65,1,6.31,6.5,1,1,0,64.55,61.78,Average
49.72,4.68,62.62,47.41,71.36,51.42,2,6.71,6.4,1,3,0,53.58,73.74,Average
71.89,3.02,66.81,65.45,62.34,53.7,2,6.2,5.3,1,2,1,53.23,74.03,Average
39.5,4.19,29.05,35.0,42.24,46.89,8,4.23,6.5,1,3,1,32.39,73.52,Poor
37.39,2.97,36.01,29.54,40.7,24.94,5,5.77,8.8,1,2,1,28.66,63.61,Poor
86.42,3.15,81.59,55.17,55.26,60.62,1,5.19,6.9,1,2,0,53.09,82.78,Average
68.71,8.83,63.24,80.91,77.55,85.75,0,8.68,6.3,1,2,0,74.16,76.62,Good
59.31,8.11,69.04,63.49,63.57,60.4,3,5.95,6.2,0,4,0,53.08,66.51,Average
57.99,5.2,69.48,67.37,49.95,68.31,3,6.5,9.0,1,0,1,43.12,77.37,Average
86.37,7.37,81.33,59.03,60.1,68.25,1,6.96,6.3,1,1,1,69.02,86.62,Good
56.47,2.81,50.31,39.07,28.68,46.82,4,4.8,8.1,1,0,1,37.59,73.28,Poor
42.46,3.64,36.26,44.88,35.53,35.32,7,4.81,8.1,1,2,0,37.57,49.6,Poor
59.32,3.4,51.69,57.86,53.61,59.77,1,6.62,7.3,1,2,1,52.64,69.6,Average
60.61,2.91,36.84,56.68,42.62,32.32,3,4.61,7.9,1,2,1,40.72,67.72,Poor
70.63,4.13,52.59,50.42,48.47,54.47,3,5.84,6.7,0,2,0,73.72,78.54,Average
78.31,9.79,86.79,92.8,85.87,92.91,0,10.0,8.7,1,2,0,86.98,99.66,Excellent
79.41,10.88,75.08,75.22,68.91,83.12,0,7.57,7.5,1,1,0,77.59,87.24,Good
87.53,10.13,87.1,86.61,91.88,90.05,1,9.29,5.5,1,3,1,91.06,96.73,Excellent
96.17,7.12,93.85,89.41,100.0,94.5,1,9.3,6.4,1,3,1,83.91,99.45,Excellent
75.12,9.21,72.8,81.94,68.79,78.15,1,8.06,8.3,0,2,1,71.35,78.65,Good
63.75,4.24,67.65,58.03,61.99,53.44,4,4.33,4.2,1,2,1,49.57,68.66,Average
82.09,3.94,55.41,66.5,44.58,46.15,3,6.11,5.8,0,2,0,47.5,74.42,Average
99.7,8.23,94.59,92.43,92.33,96.93,0,9.15,7.4,1,4,0,93.37,97.87,Excellent
95.41,12.0,84.85,91.89,89.46,95.52,0,9.0,4.6,1,3,1,85.09,95.8,Excellent
65.61,3.66,62.74,53.65,55.96,45.84,2,5.36,7.4,1,2,1,56.63,76.94,Average
33.35,4.99,56.47,44.78,33.97,38.09,8,5.68,4.5,1,2,1,31.51,67.61,Poor
37.57,4.95,58.99,59.12,60.43,47.39,4,6.0,7.9,1,0,1,52.92,89.28,Average
81.15,4.62,28.31,67.89,55.68,51.59,1,6.74,7.5,1,3,0,42.52,63.88,Average
49.9,1.86,46.83,46.13,38.77,32.7,6,5.49,10.0,1,2,0,31.16,54.04,Poor
38.57,4.58,69.43,49.62,64.68,61.44,3,6.03,6.6,1,0,1,71.08,59.41,Average
100.0,8.51,73.63,69.11,65.84,69.32,1,8.54,7.4,1,2,0,76.6,83.74,Good
63.35,3.53,48.71,52.01,68.29,63.99,1,6.39,5.8,0,1,0,59.7,63.44,Average
88.38,10.57,100.0,96.41,89.68,98.18,1,9.65,8.4,0,2,0,77.78,91.98,Excellent
100.0,8.83,100.0,91.92,100.0,94.04,0,10.0,8.5,1,3,1,94.39,95.25,Excellent
94.64,9.11,83.3,88.58,94.65,88.22,0,9.37,8.2,1,2,1,88.25,99.46,Excellent
44.21,2.74,40.7,29.49,51.55,24.04,5,5.38,6.8,1,2,1,38.69,63.47,Poor
55.74,2.47,60.19,56.63,60.7,57.87,3,5.95,8.9,1,1,1,57.53,77.17,Average
83.06,10.25,70.98,77.98,69.27,75.67,0,8.21,6.3,1,3,1,76.8,76.73,Good
48.36,3.09,37.78,42.3,30.68,26.19,5,5.41,7.7,1,1,1,22.94,65.44,Poor
60.54,2.37,37.79,28.97,43.17,38.06,8,5.1,7.5,1,2,1,36.46,60.13,Poor
100.0,6.45,100.0,83.97,90.86,92.3,1,8.72,7.4,1,1,0,93.8,93.69,Excellent
51.08,2.32,32.89,42.52,38.37,24.44,6,4.24,7.2,1,1,1,40.93,55.19,Poor
61.59,1.83,33.34,35.25,30.17,37.33,6,3.35,6.1,0,1,1,38.63,50.41,Poor
47.92,0.5,45.2,44.41,27.03,28.28,7,5.27,6.9,1,1,1,29.54,45.17,Poor
94.76,7.67,100.0,85.76,92.39,92.34,0,9.82,7.6,1,1,1,100.0,92.12,Excellent
73.63,3.04,58.09,53.56,52.1,63.93,3,8.25,6.6,1,1,0,51.39,87.66,Average
53.73,2.66,49.32,39.04,48.27,46.69,2,4.01,8.7,1,1,0,45.31,52.43,Poor
73.01,4.9,85.07,71.58,77.11,71.38,1,7.57,6.1,1,2,1,71.46,94.95,Good
52.61,3.7,45.16,44.17,37.43,28.1,3,4.8,8.8,1,1,0,50.41,58.15,Poor
94.23,7.46,92.88,94.85,95.53,96.44,0,9.2,8.1,0,3,1,98.32,94.4,Excellent
47.51,1.33,54.05,27.52,34.66,46.14,7,4.06,9.5,1,0,1,35.11,58.79,Poor
50.55,5.44,56.87,62.45,74.91,40.87,0,6.11,5.9,1,2,1,59.99,70.94,Average
79.33,7.2,73.45,83.84,71.52,78.92,0,7.46,4.0,1,3,1,72.82,87.06,Good
52.13,7.13,38.93,51.85,56.33,62.65,0,5.34,6.8,1,3,1,59.61,92.21,Average
90.05,11.04,91.08,98.45,99.11,93.56,1,9.57,6.6,1,1,0,89.08,90.69,Excellent
63.89,4.21,48.84,66.69,50.91,47.8,1,5.67,8.6,1,2,1,60.66,70.24,Average
95.26,7.04,81.49,91.4,95.23,86.87,0,9.03,8.3,1,4,1,86.31,100.0,Excellent
65.95,0.6,48.87,52.31,37.4,45.88,2,5.67,7.5,1,3,0,45.19,65.93,Poor
65.16,5.17,62.39,45.16,51.01,58.82,2,6.37,8.2,1,2,1,58.77,75.4,Average
96.55,10.3,95.15,91.9,93.83,97.03,0,8.68,6.8,0,1,0,93.58,100.0,Excellent
76.24,3.62,47.45,63.11,73.95,63.31,4,5.12,5.7,1,4,0,41.35,75.47,Average
52.65,2.15,46.69,32.6,37.52,40.54,3,4.64,8.4,1,4,0,31.98,82.76,Poor
93.66,9.77,80.37,96.61,90.75,90.51,2,9.99,9.3,1,2,1,85.09,92.99,Excellent
96.11,10.21,90.7,82.28,99.71,87.21,1,9.42,5.8,0,3,1,94.85,100.0,Excellent
71.27,2.56,49.5,62.63,59.49,54.36,5,5.62,4.9,0,3,1,60.26,83.97,Average
88.41,6.75,94.58,95.15,89.07,86.56,0,8.65,6.6,1,4,1,93.63,98.52,Excellent
44.59,4.03,49.71,35.95,27.26,49.56,7,5.5,8.7,1,0,0,31.07,51.51,Poor
56.56,4.46,62.9,64.14,61.15,60.65,5,6.64,9.0,1,4,0,57.14,75.55,Average
71.4,8.92,85.2,87.82,76.19,73.18,1,8.26,4.0,1,1,0,71.41,85.01,Good
74.86,5.39,53.35,63.76,59.44,55.7,1,5.97,8.0,1,3,1,55.97,68.5,Average
57.75,4.35,70.33,53.78,58.68,64.36,3,7.36,7.4,1,1,1,52.75,65.41,Average
87.41,7.62,64.12,74.4,82.24,74.17,0,6.84,9.3,1,2,1,72.85,84.99,Good
92.17,8.14,78.87,75.6,78.52,74.66,1,7.09,10.0,1,3,1,67.47,78.14,Good
42.03,1.54,43.56,32.17,31.46,31.18,6,4.57,7.7,1,3,1,37.26,56.28,Poor
83.91,4.67,76.34,74.58,81.65,70.57,0,6.8,7.2,0,0,1,72.9,78.97,Good
83.06,6.37,54.51,82.06,82.46,85.97,0,8.08,9.8,1,0,1,73.93,95.91,Good
91.14,7.22,88.75,95.07,84.93,95.69,0,9.11,6.5,1,3,0,97.75,91.35,Excellent
92.63,9.55,91.0,97.57,100.0,94.61,0,9.52,9.2,1,2,0,99.96,94.44,Excellent
59.0,6.91,64.89,52.9,66.47,56.96,3,5.98,9.1,1,1,1,44.25,77.19,Average
79.86,7.65,84.67,87.62,74.21,82.11,2,6.94,6.8,1,3,1,76.05,93.13,Good
82.39,5.55,58.85,77.54,77.5,69.66,0,7.62,6.7,1,3,1,68.89,89.28,Good
88.82,11.32,92.74,95.97,91.82,97.86,0,8.56,7.1,1,3,1,91.94,96.69,Excellent
97.87,9.99,93.58,93.98,96.02,83.37,0,8.85,6.9,1,1,1,78.39,94.87,Excellent
62.93,4.0,45.04,52.48,58.53,57.08,3,6.57,6.4,0,1,1,48.7,76.15,Average
77.51,3.63,62.3,48.46,52.57,67.06,3,5.29,5.4,1,3,1,57.2,58.92,Average
93.29,10.45,99.38,90.48,100.0,100.0,0,8.49,8.1,1,2,1,89.14,97.36,Excellent
37.4,0.77,43.36,35.0,37.27,47.18,7,5.98,7.8,1,0,1,38.36,72.28,Poor
92.62,8.55,100.0,93.37,98.17,95.11,0,9.21,4.9,1,4,1,99.39,87.23,Excellent
54.17,2.6,50.17,51.84,48.77,40.57,6,4.26,6.7,0,3,0,41.37,57.49,Poor
40.74,1.88,50.02,33.3,43.29,31.21,7,4.01,10.0,1,2,0,49.14,55.07,Poor
49.68,2.34,33.71,39.36,45.05,29.79,7,4.67,7.5,1,4,0,31.89,55.77,Poor
58.17,6.1,60.28,49.08,57.98,56.95,0,6.18,4.3,1,4,1,67.88,64.98,Average
77.6,8.6,86.7,65.83,76.59,92.81,0,8.91,6.6,1,2,0,71.67,82.57,Good
59.52,6.17,53.06,59.12,64.3,59.04,2,7.22,8.8,1,3,1,59.26,67.56,Average
44.21,1.45,36.89,30.74,45.33,57.26,3,4.19,8.8,1,1,1,34.54,50.35,Poor
74.13,5.68,81.97,76.04,78.91,68.75,0,7.09,7.2,1,2,1,72.11,89.35,Good
57.05,7.02,55.52,47.48,61.75,54.2,1,8.46,9.2,1,3,0,52.99,57.1,Average
95.55,9.13,89.19,87.51,80.73,86.01,0,10.0,8.5,1,2,0,98.89,92.0,Excellent
64.2,2.99,62.45,63.21,56.2,47.28,5,6.38,4.7,1,1,0,47.28,69.11,Average
74.68,6.43,77.41,69.06,81.95,82.43,0,8.96,8.8,1,3,1,78.46,92.24,Good
78.89,3.07,67.63,57.31,58.96,45.71,0,5.3,4.8,1,4,0,51.92,61.68,Average
76.86,6.89,77.18,65.2,68.88,79.03,1,7.91,6.5,1,1,0,79.25,95.87,Good
63.04,3.64,63.9,63.43,60.52,64.62,0,7.37,6.8,1,3,1,58.56,72.75,Average
58.93,5.95,62.05,70.37,60.7,49.7,4,5.93,9.1,1,2,0,57.47,83.89,Average
56.48,2.43,57.77,30.7,39.75,48.31,2,4.28,5.5,1,2,1,37.65,51.03,Poor
46.56,4.48,55.98,56.58,62.5,63.16,0,5.61,8.2,1,2,1,68.97,80.72,Average
87.57,10.67,94.19,94.29,92.47,91.48,1,9.24,5.4,1,0,0,90.49,99.11,Excellent
53.92,3.86,55.88,68.85,59.72,50.74,0,5.96,8.5,1,2,1,50.9,68.45,Average
80.75,7.13,78.55,78.46,81.05,77.3,1,7.07,10.0,1,1,0,70.71,72.15,Good
77.41,7.84,69.59,65.52,71.55,79.17,1,7.7,6.3,0,2,0,80.9,81.15,Good
58.97,0.5,36.1,34.58,36.95,44.92,4,4.88,8.1,1,2,1,47.3,56.51,Poor
62.73,4.89,63.29,48.0,71.47,43.12,3,6.58,6.2,1,2,1,67.61,57.63,Average
55.85,2.12,29.94,41.09,41.5,48.21,6,4.92,7.6,1,2,1,34.64,54.04,Poor
98.02,11.24,99.39,92.72,88.87,91.64,0,10.0,8.1,1,4,1,97.45,95.52,Excellent
60.26,1.53,50.13,55.85,59.15,62.05,2,7.73,6.4,1,2,1,64.52,70.89,Average
33.81,2.37,37.98,35.82,42.8,47.4,5,4.24,7.9,1,2,0,42.72,61.11,Poor
95.64,9.14,96.42,89.66,100.0,91.87,1,8.94,7.1,1,4,0,82.23,97.44,Excellent
65.74,1.27,34.98,31.43,49.77,33.34,6,6.48,6.2,1,2,0,31.95,54.49,Poor
98.66,12.0,91.58,88.92,92.14,87.27,0,8.48,4.6,1,3,1,93.85,100.0,Excellent
87.17,7.91,91.69,92.82,92.23,100.0,0,9.53,8.9,0,3,1,90.88,87.21,Excellent
49.24,4.42,58.35,27.75,26.46,45.37,5,4.44,8.5,1,2,1,37.41,42.89,Poor
40.59,4.04,58.54,38.22,37.61,33.46,1,4.7,9.2,1,0,1,23.75,56.89,Poor
53.38,0.54,41.4,27.21,37.63,44.67,2,5.65,9.3,1,2,0,40.42,59.04,Poor
74.3,8.19,70.61,54.08,61.5,55.83,1,7.28,8.8,1,3,1,42.29,64.48,Average
88.87,12.0,93.92,92.46,92.01,85.58,0,9.63,6.7,0,2,1,96.32,94.13,Excellent
63.35,4.94,62.88,55.59,80.24,56.18,0,6.7,8.5,1,4,0,53.81,58.46,Average
96.94,10.01,95.21,88.46,100.0,97.46,0,9.82,4.9,1,0,1,86.78,94.42,Excellent
67.14,4.4,61.07,49.47,64.76,53.09,1,6.33,6.6,1,2,1,55.19,66.49,Average
82.98,6.1,68.42,67.52,76.06,90.93,1,8.14,7.9,1,2,0,67.36,82.95,Good
96.86,10.98,91.91,86.72,90.59,98.26,0,9.32,6.6,1,1,1,89.79,97.13,Excellent
62.49,3.67,47.64,51.14,61.59,60.6,0,6.43,8.0,1,2,1,69.52,70.13,Average
52.1,4.18,56.58,70.7,63.2,59.33,4,6.35,5.7,1,2,0,45.33,78.56,Average
98.11,10.5,93.4,87.72,91.05,98.73,1,9.19,7.8,1,2,0,86.58,99.74,Excellent
34.79,2.4,42.32,43.9,31.9,34.72,5,4.75,6.4,1,0,1,33.24,63.34,Poor
41.05,1.54,41.09,26.73,26.5,34.19,6,4.87,8.2,1,1,0,26.19,70.01,Poor
54.65,6.5,54.62,47.99,56.55,56.09,3,5.59,6.8,1,3,1,60.49,67.39,Average
42.57,0.9,54.95,40.97,43.18,42.52,1,3.79,8.2,1,1,1,46.99,54.27,Poor
92.4,12.0,94.09,92.4,100.0,85.7,0,9.47,6.9,1,0,0,97.47,95.09,Excellent
37.91,2.45,46.86,30.24,38.88,36.32,5,4.64,6.6,1,3,1,28.77,53.95,Poor
93.79,11.71,90.44,88.93,99.5,100.0,0,9.78,8.5,1,1,1,99.57,96.87,Excellent
45.65,2.81,48.29,46.19,40.97,33.78,4,3.37,6.2,1,1,1,43.38,57.87,Poor
64.81,4.9,54.88,62.69,53.34,52.6,5,5.64,4.0,1,1,1,53.94,86.47,Average
82.28,9.08,91.51,99.0,98.34,93.64,1,8.81,8.0,0,1,0,87.7,97.02,Excellent
89.64,8.64,72.07,69.56,74.15,67.58,2,7.41,5.9,1,1,1,74.93,86.44,Good
60.61,6.41,54.37,69.9,68.9,64.01,3,6.77,8.1,1,1,1,47.11,70.98,Average
39.65,1.23,53.97,40.53,45.3,27.01,7,4.27,5.8,1,3,1,35.88,67.08,Poor
98.12,8.63,89.48,99.79,94.54,85.15,1,9.51,4.7,1,2,1,87.81,100.0,Excellent
69.62,6.72,60.96,55.96,46.36,57.33,2,6.14,9.1,1,1,0,56.35,70.86,Average
52.45,3.99,43.49,37.27,37.93,40.0,9,4.21,7.7,1,2,0,26.23,48.66,Poor
53.47,2.16,48.9,48.54,36.91,60.17,3,4.18,6.9,0,1,0,39.36,55.18,Poor
98.94,10.69,97.09,90.95,90.72,87.11,0,8.63,7.9,1,2,1,100.0,100.0,Excellent
39.75,0.62,48.66,51.05,36.49,29.89,8,4.97,7.5,1,1,0,21.99,57.25,Poor
96.81,9.84,92.12,99.07,90.52,100.0,0,9.32,8.0,1,2,1,90.83,93.87,Excellent
84.89,5.09,74.54,75.61,82.31,57.44,0,6.95,7.2,1,3,0,76.15,90.53,Good
89.72,9.59,87.24,90.12,88.03,83.33,0,9.56,6.4,1,3,1,93.67,90.97,Excellent
38.15,1.85,28.64,35.85,40.27,32.16,5,5.15,6.7,1,4,1,44.7,45.55,Poor
51.76,0.5,37.21,48.22,42.61,29.11,6,5.96,7.3,1,3,1,43.95,46.14,Poor
39.37,1.97,40.55,33.95,41.93,38.19,6,5.61,7.8,0,3,1,34.86,54.82,Poor
90.18,10.32,80.33,80.69,79.92,83.28,2,7.75,4.7,0,2,1,83.38,96.61,Good
60.62,2.4,58.13,63.38,53.27,41.97,3,6.36,5.1,1,2,0,65.66,82.47,Average
76.27,6.27,83.19,68.12,72.74,68.77,1,8.56,8.3,1,3,1,73.71,75.46,Good
92.48,11.13,90.39,85.01,97.82,99.58,0,9.65,8.5,1,3,0,92.53,93.77,Excellent
89.95,10.88,87.96,92.63,92.86,95.58,2,9.03,8.3,0,1,0,92.34,96.16,Excellent
64.78,5.05,56.29,65.45,62.11,47.73,2,6.34,8.8,1,4,1,58.13,73.6,Average
67.82,7.4,54.63,53.84,53.19,49.44,2,6.33,9.4,1,3,1,52.83,53.65,Average
50.96,2.13,40.45,48.43,31.42,42.85,7,3.48,6.0,1,1,1,39.9,64.45,Poor
88.56,5.0,84.43,90.92,80.76,80.69,0,7.58,7.1,1,3,1,76.97,90.39,Good
74.58,6.7,89.77,75.45,80.4,76.03,1,7.38,4.0,1,2,0,67.11,82.84,Good
85.18,8.93,67.32,87.48,75.43,72.29,1,9.14,7.4,1,4,0,64.22,71.6,Good
92.19,10.18,92.94,88.85,95.23,86.29,0,9.55,5.2,1,3,1,87.13,97.69,Excellent
57.31,4.16,61.64,53.48,61.15,62.6,3,6.11,8.4,1,0,0,53.83,91.29,Average
79.09,6.66,78.33,67.24,81.23,89.88,0,8.51,5.7,1,2,0,72.49,91.02,Good
89.5,9.9,92.59,85.65,91.8,95.4,3,8.94,10.0,1,4,1,91.5,100.0,Excellent
54.93,3.71,59.03,56.44,70.18,59.74,4,6.59,6.3,1,0,1,61.92,69.05,Average
72.35,2.62,55.62,66.22,62.52,57.62,3,7.54,6.2,0,2,1,49.73,69.95,Average
55.94,2.94,33.09,49.01,42.36,29.35,5,4.39,6.9,1,3,0,32.94,55.14,Poor
88.57,8.92,80.17,77.15,75.52,69.83,0,8.85,4.1,1,2,1,80.24,88.93,Good
87.31,10.92,95.35,92.86,92.79,97.31,0,9.35,5.5,0,2,0,84.65,96.51,Excellent
57.85,4.11,47.1,58.7,69.98,59.08,5,5.94,5.3,1,1,0,39.94,76.44,Average
71.54,4.42,73.65,63.36,66.63,43.06,2,4.74,6.9,1,2,1,54.5,74.33,Average
78.3,9.09,80.92,79.53,72.73,65.4,0,8.52,9.8,1,1,1,66.8,73.27,Good
55.01,2.0,47.35,35.85,31.69,32.05,5,5.03,6.9,1,0,1,38.14,66.9,Poor
65.9,0.56,52.81,44.25,36.16,52.03,5,4.6,6.6,0,1,1,31.17,60.61,Poor
90.92,9.96,86.45,99.64,85.39,91.41,0,9.66,6.4,0,1,0,94.11,97.59,Excellent
74.35,7.38,80.43,73.23,84.35,79.25,1,7.23,6.5,1,1,1,80.99,80.94,Good
67.2,4.34,68.08,52.62,58.37,66.98,4,6.04,7.4,1,3,1,62.09,82.18,Average
57.09,1.71,52.9,33.29,47.45,53.48,5,4.12,7.0,0,3,1,25.47,53.82,Poor
50.78,2.77,43.5,37.55,40.12,40.96,5,6.16,6.7,0,2,1,31.38,62.73,Poor
97.36,8.23,99.52,93.73,98.75,83.92,0,8.44,7.3,1,2,0,100.0,95.49,Excellent
56.32,2.18,38.26,45.44,33.34,39.76,5,5.72,8.3,1,3,0,30.96,53.41,Poor
78.34,7.99,82.18,88.77,86.83,77.65,0,8.11,7.9,1,2,0,60.41,82.09,Good
61.08,4.79,53.1,58.2,69.42,44.62,2,6.05,8.1,1,3,0,42.85,72.87,Average
83.54,7.47,70.14,79.66,76.86,73.84,1,7.21,6.8,1,2,1,69.67,91.45,Good
86.15,10.51,89.91,89.81,89.08,76.34,0,9.07,8.1,1,2,1,87.37,91.7,Excellent
74.22,6.91,88.25,75.99,77.73,69.91,0,7.74,6.3,1,2,1,71.33,91.72,Good
75.93,7.49,75.48,75.65,81.86,70.18,2,9.26,10.0,1,2,1,68.26,86.93,Good
88.66,9.87,82.65,85.94,92.96,78.02,0,9.19,7.4,1,1,0,84.54,85.5,Good
57.57,5.71,71.64,65.33,68.46,57.35,1,6.04,7.7,1,3,1,51.02,72.94,Average
82.72,7.26,77.88,77.91,89.33,76.94,0,7.95,6.0,1,0,1,75.31,92.51,Good
83.0,5.88,69.68,71.31,86.0,82.64,1,7.85,9.0,1,3,0,68.26,83.27,Good
59.08,3.61,70.49,60.28,55.51,55.99,2,5.84,5.3,1,4,1,59.09,67.49,Average
56.87,5.39,55.95,56.34,70.16,68.36,0,7.18,5.7,1,1,1,62.21,64.96,Average
86.96,6.7,75.45,67.14,78.91,74.2,0,7.14,7.8,1,2,1,74.85,96.2,Good
97.44,10.91,99.6,82.75,97.34,97.42,1,8.58,5.9,1,0,1,88.07,92.6,Excellent
88.64,11.25,96.03,85.72,96.41,94.18,2,9.24,7.4,1,1,0,95.12,94.66,Excellent
65.25,4.1,61.65,48.33,53.15,51.02,2,5.82,7.5,1,1,1,49.42,71.9,Average
44.46,3.4,62.3,51.62,63.17,58.85,3,4.81,5.2,0,3,1,55.79,70.44,Average
38.17,2.1,44.48,30.44,45.49,35.81,4,3.91,7.9,1,3,0,26.22,60.24,Poor
90.22,12.0,89.04,97.63,98.22,94.08,0,9.26,5.2,1,2,1,88.73,100.0,Excellent
74.76,7.94,78.53,75.31,83.45,69.32,2,7.81,9.4,0,4,0,80.22,91.62,Good
69.52,3.62,67.71,61.06,41.26,60.4,1,5.93,7.3,1,3,1,59.3,80.05,Average
95.44,10.24,86.16,91.47,94.91,86.88,0,9.41,6.6,0,4,1,98.4,99.16,Excellent
83.89,6.03,73.68,87.03,75.58,74.64,0,7.89,5.8,1,3,1,74.09,85.06,Good
43.84,2.23,56.07,29.92,29.55,32.12,8,4.92,7.4,1,1,1,23.67,60.42,Poor
61.64,4.23,55.13,63.49,54.93,55.12,0,6.38,5.3,1,2,1,49.06,68.45,Average
62.31,7.42,75.27,77.22,80.77,71.71,1,7.61,10.0,1,3,1,80.21,86.13,Good
85.79,6.38,70.62,71.77,75.0,82.21,0,8.04,5.1,0,0,0,65.29,95.16,Good
57.67,1.67,40.12,42.63,51.8,42.27,4,5.05,6.7,1,4,0,26.74,52.77,Poor
88.11,12.0,96.94,100.0,96.7,90.35,0,9.07,7.8,1,3,1,98.55,96.07,Excellent
63.01,4.75,54.22,62.93,49.54,59.49,2,7.23,5.8,1,1,1,68.91,69.66,Average
78.65,5.49,70.54,83.26,79.23,73.82,1,8.06,8.5,1,4,1,74.47,93.65,Good
95.57,10.94,87.98,97.57,99.01,89.02,0,8.46,8.7,1,2,0,94.47,97.45,Excellent
88.34,7.98,92.8,91.64,100.0,86.08,0,9.84,7.5,1,1,0,96.99,93.22,Excellent
35.32,0.5,57.32,36.63,31.16,29.85,4,3.2,7.3,1,1,0,53.88,75.65,Poor
66.79,2.98,57.06,66.0,64.14,52.67,4,5.96,6.3,1,3,0,56.43,45.5,Average
88.49,6.52,73.93,81.86,73.73,77.58,0,7.55,8.3,1,2,1,70.69,83.58,Good
54.17,7.29,58.86,52.23,66.26,65.39,5,5.75,8.4,0,0,0,71.9,70.22,Average
46.89,0.5,49.38,16.86,61.72,51.02,1,4.99,6.8,1,4,1,30.29,59.04,Poor
48.11,0.5,46.2,35.07,52.27,35.84,1,4.39,8.7,1,3,1,47.26,56.98,Poor
65.22,4.36,68.9,55.94,70.27,57.17,3,6.01,7.0,1,2,0,59.96,50.66,Average
59.02,3.7,70.5,57.58,67.48,59.31,3,5.89,7.7,1,3,0,56.6,75.52,Average
53.17,2.78,57.61,39.09,43.41,31.16,3,4.5,5.9,1,2,1,32.23,52.34,Poor
90.31,7.0,71.92,79.19,79.37,75.12,3,6.74,5.4,1,2,1,68.6,80.48,Good
57.72,1.24,51.06,53.61,58.02,48.96,1,6.15,5.0,0,2,1,46.42,65.71,Average
85.55,6.96,80.83,84.37,80.92,76.35,4,7.85,8.4,1,0,1,86.23,89.22,Good
50.15,5.57,61.14,55.73,63.13,61.35,2,6.43,7.8,1,0,1,49.21,99.52,Average
90.55,9.83,93.25,99.83,100.0,94.76,0,9.94,7.8,1,2,1,93.76,90.63,Excellent
82.4,7.63,90.46,79.61,77.31,70.82,2,7.15,8.0,1,2,1,75.68,84.41,Good
71.05,5.77,68.73,74.84,75.72,83.67,0,7.74,7.1,1,1,1,81.83,90.09,Good
93.6,10.45,86.58,90.01,95.64,89.88,0,9.55,7.6,1,4,0,91.1,90.48,Excellent
92.47,11.52,96.8,92.75,92.61,92.68,0,9.17,5.4,1,3,0,88.92,93.44,Excellent
94.92,9.45,99.38,89.67,84.04,88.96,0,9.45,6.0,0,2,1,93.74,96.14,Excellent
96.96,9.72,95.5,93.4,92.01,93.79,0,8.67,6.1,1,2,1,90.65,82.72,Excellent
47.34,0.53,33.67,25.57,48.62,35.32,5,5.02,6.4,1,2,1,26.5,61.72,Poor
58.85,3.22,44.5,49.74,79.53,62.88,2,6.53,8.0,1,2,1,51.0,68.87,Average
44.89,2.11,40.56,39.98,50.3,38.0,6,4.79,8.4,1,4,1,40.57,54.17,Poor
92.13,9.28,89.54,92.38,82.09,86.99,1,8.84,8.9,1,3,1,93.4,96.91,Excellent
60.67,4.18,66.22,51.85,63.23,62.08,3,6.63,9.8,1,1,0,62.28,75.23,Average
79.72,9.8,74.33,82.0,84.91,74.51,0,6.29,5.1,0,3,1,76.4,92.25,Good
96.98,8.57,86.41,94.48,90.85,84.65,0,9.5,8.2,1,3,0,100.0,99.01,Excellent
81.93,8.87,77.8,85.57,80.56,66.11,0,7.59,8.4,1,1,1,88.34,89.43,Good
50.94,2.51,45.88,22.89,40.95,30.07,6,4.32,9.1,1,2,0,38.8,53.41,Poor
42.77,2.33,38.2,42.75,49.73,33.25,6,4.15,6.3,1,4,0,31.8,47.51,Poor
66.16,3.3,42.6,45.94,26.91,59.19,2,4.81,4.1,0,4,1,29.85,60.16,Poor
59.15,2.88,52.57,59.81,49.75,52.01,7,6.63,7.0,0,3,1,47.66,69.56,Average
53.93,1.71,52.72,42.13,32.3,37.55,5,4.85,9.2,1,2,1,23.71,38.47,Poor
71.32,4.77,58.6,55.99,58.32,62.87,2,6.18,7.1,1,1,0,63.77,82.57,Average
88.03,7.4,77.96,83.4,89.44,74.4,1,6.26,8.6,1,3,0,70.17,96.26,Good
92.13,8.13,83.7,94.92,96.54,97.35,1,9.41,4.8,1,2,0,73.71,98.01,Excellent
94.08,9.45,86.98,87.71,89.05,91.07,0,9.74,9.1,1,3,1,99.75,95.13,Excellent
76.0,10.14,86.89,73.22,75.48,69.4,0,6.88,7.5,1,2,1,70.43,95.4,Good
85.69,12.0,95.07,96.25,90.21,95.61,0,9.26,9.6,1,1,1,98.19,99.28,Excellent
66.47,3.4,52.23,71.95,58.29,49.97,1,7.4,9.0,0,4,1,49.43,76.73,Average
66.33,2.49,39.46,49.86,58.77,65.68,0,5.98,7.2,0,2,0,70.62,62.7,Average
97.31,8.64,91.46,99.27,91.4,92.54,0,9.4,9.2,1,1,1,84.22,98.59,Excellent
58.3,1.22,56.23,39.75,48.04,63.54,4,4.76,8.1,0,4,1,26.34,42.1,Poor
44.21,3.05,41.78,51.87,37.47,36.99,3,3.36,4.4,0,3,0,17.96,62.5,Poor
100.0,11.02,84.74,100.0,100.0,92.59,1,9.91,5.9,1,2,1,89.74,88.54,Excellent
86.66,9.95,100.0,100.0,97.25,87.59,0,8.85,9.4,1,3,1,86.24,94.86,Excellent
35.65,2.45,53.93,34.51,31.55,42.96,3,5.07,5.8,1,2,0,47.74,51.78,Poor
93.89,10.52,100.0,93.02,96.99,87.62,0,9.1,8.0,1,2,0,93.5,94.56,Excellent
51.25,2.15,52.36,42.5,35.49,20.4,3,5.09,9.5,0,2,0,26.88,62.49,Poor
87.67,7.48,76.02,76.82,78.5,83.41,1,6.95,6.9,1,0,0,80.19,83.75,Good
49.89,1.38,43.17,36.33,37.35,39.64,4,6.04,6.1,0,1,0,26.85,39.0,Poor
77.68,7.92,64.53,83.76,83.43,67.8,0,8.84,6.9,1,3,0,63.31,72.49,Good
41.98,1.95,44.53,28.48,38.92,33.26,5,5.21,7.5,0,2,1,31.02,63.22,Poor
63.63,3.69,49.19,61.48,66.68,47.21,3,5.5,8.3,1,3,1,47.6,77.06,Average
86.89,8.69,82.01,79.72,93.12,76.81,0,6.71,4.1,1,2,1,79.3,81.27,Good
40.85,1.51,53.58,42.17,33.33,47.53,5,4.81,4.0,1,2,1,47.35,60.58,Poor
45.97,1.62,36.07,32.43,49.27,35.47,6,3.0,8.1,0,0,1,32.59,62.64,Poor
99.71,10.17,92.71,89.02,99.63,93.12,0,8.99,5.6,1,3,0,85.24,94.38,Excellent
69.28,4.81,51.39,57.3,42.48,52.05,2,6.26,6.9,1,1,1,56.44,77.38,Average
69.95,3.53,47.72,58.63,65.6,68.23,2,6.69,7.7,1,2,1,64.26,80.23,Average
73.7,6.64,67.05,80.64,67.73,85.36,1,5.96,9.0,1,4,1,72.3,76.95,Good
46.72,2.81,55.87,41.01,45.24,41.63,9,3.65,7.4,1,2,1,47.76,57.4,Poor
48.9,1.28,35.69,43.01,46.08,32.7,5,6.38,7.0,1,2,1,41.03,51.91,Poor
57.57,2.09,36.04,38.54,33.56,51.47,1,5.38,4.0,1,2,0,39.16,67.39,Poor
81.26,4.24,57.37,63.76,64.18,69.34,2,6.13,5.2,1,2,0,63.9,76.21,Average
98.86,10.67,96.5,95.17,95.08,91.67,0,9.33,5.8,1,3,0,94.91,92.96,Excellent
59.13,5.78,43.67,49.76,61.1,69.25,2,5.94,7.1,1,1,0,58.47,72.16,Average
56.21,1.17,50.5,40.19,48.81,30.16,5,3.92,7.2,1,2,0,40.45,60.2,Poor
77.09,8.56,78.15,76.9,89.91,81.14,0,7.79,10.0,1,2,0,66.4,79.02,Good
84.06,8.69,84.9,94.42,94.0,94.01,0,9.8,7.3,1,2,0,92.15,90.97,Excellent
83.17,9.11,78.33,82.1,83.95,80.05,0,8.13,5.8,0,3,1,84.3,86.11,Good
53.02,5.22,70.85,64.07,66.66,62.7,1,7.29,7.0,1,2,0,46.3,61.41,Average
77.36,9.4,69.34,86.45,80.26,79.88,2,6.8,5.9,1,3,1,74.35,92.77,Good
75.51,4.16,77.34,84.82,81.01,74.0,1,7.14,7.4,0,1,1,75.22,90.69,Good
98.63,8.05,100.0,96.78,85.58,88.95,0,9.68,9.1,1,0,1,96.76,100.0,Excellent
66.37,7.37,84.28,72.64,68.45,77.52,1,7.13,7.3,1,2,1,69.59,71.85,Good
55.55,2.19,38.71,35.53,30.67,58.23,7,4.01,6.6,0,3,1,29.64,50.29,Poor
55.32,3.27,39.74,33.91,33.77,44.15,7,5.19,7.7,1,2,1,50.18,70.58,Poor
67.14,1.68,43.76,44.28,63.11,61.49,2,7.01,4.0,1,3,1,57.2,62.93,Average
80.4,6.88,74.73,87.83,85.38,75.36,0,8.09,6.5,0,1,1,78.3,83.32,Good
98.0,8.64,89.44,85.25,86.6,87.9,0,8.07,7.9,1,0,1,91.51,99.7,Excellent
48.68,1.44,34.49,43.9,35.34,46.49,4,5.34,6.7,1,3,1,40.36,59.86,Poor
78.37,6.82,84.75,76.98,85.06,86.82,1,7.59,4.6,0,2,1,68.26,72.57,Good
89.35,6.34,71.63,75.38,91.49,75.34,0,8.24,4.0,1,1,1,69.68,86.83,Good
89.82,7.2,100.0,88.9,95.21,95.52,0,9.56,6.2,1,2,0,98.61,95.8,Excellent
71.45,8.8,74.26,72.25,73.99,77.1,0,8.08,10.0,1,2,0,67.12,92.59,Good
95.55,9.68,93.65,95.86,95.47,89.27,0,10.0,6.4,1,2,1,86.51,89.68,Excellent
93.02,12.0,95.25,89.85,91.88,89.99,0,9.24,4.5,1,2,0,87.21,98.05,Excellent
49.57,1.71,40.18,42.37,52.21,45.14,5,5.03,6.4,1,2,0,46.01,55.73,Poor
81.15,7.05,73.46,63.69,80.79,74.29,2,8.24,4.8,0,2,1,75.86,78.37,Good
59.17,5.13,48.76,56.23,52.37,61.62,2,6.14,6.3,0,4,1,64.36,72.46,Average
50.86,0.5,32.22,29.66,40.74,36.72,4,4.75,6.2,1,1,1,30.8,49.9,Poor
81.2,4.23,84.71,76.51,67.84,80.9,0,8.24,5.9,1,1,0,77.27,78.16,Good
44.65,1.57,48.59,44.38,27.73,34.25,7,4.43,6.8,1,3,0,41.85,54.34,Poor
60.16,4.37,50.18,54.52,64.27,55.2,1,5.39,4.5,1,3,1,57.14,75.05,Average
77.66,6.34,70.39,73.34,83.13,81.43,1,7.81,9.1,1,3,0,70.21,88.45,Good
40.92,4.97,54.24,32.63,40.16,45.03,5,5.44,8.2,1,2,1,37.92,59.83,Poor
56.59,1.16,61.21,44.51,43.39,38.22,2,6.09,7.4,0,0,1,39.49,60.7,Poor
46.3,0.5,42.79,33.26,36.21,38.0,9,4.22,6.6,1,3,1,37.66,68.2,Poor
83.82,6.96,66.35,75.09,77.35,83.84,1,8.59,9.1,0,3,0,71.8,73.43,Good
92.2,11.4,95.75,93.57,95.11,86.75,0,9.33,8.0,1,3,0,100.0,100.0,Excellent
47.05,1.81,41.42,38.47,36.11,40.72,2,5.15,7.2,1,0,1,22.02,56.59,Poor
48.29,1.25,35.95,32.56,42.04,48.55,10,5.69,7.2,1,0,1,34.25,54.26,Poor
92.35,6.96,90.83,86.92,90.5,86.67,2,9.16,5.8,1,3,0,95.03,91.97,Excellent
64.53,0.95,66.96,58.58,66.16,56.2,4,6.16,5.6,1,1,1,43.42,88.0,Average
94.09,9.98,92.38,95.19,94.91,91.24,0,9.66,7.6,1,1,1,90.97,96.2,Excellent
67.42,6.68,76.12,75.83,80.36,66.75,1,6.83,8.9,1,2,1,61.97,85.37,Good
81.02,6.86,66.47,91.84,70.73,78.04,2,7.25,8.7,1,3,1,71.97,77.97,Good
75.89,7.62,77.78,80.84,79.1,77.83,1,8.66,8.1,1,4,1,79.52,90.91,Good
71.57,2.82,60.52,57.47,59.96,50.38,2,6.57,8.4,1,2,0,49.55,69.55,Average
60.82,4.97,66.8,50.01,52.31,59.08,4,5.48,9.4,1,3,1,49.93,54.45,Average
79.1,6.96,70.51,75.19,75.68,88.47,2,8.14,7.8,1,2,0,70.7,86.67,Good
65.7,4.73,68.86,62.39,56.12,53.58,1,5.13,7.8,1,1,1,62.28,77.21,Average
39.38,1.4,45.66,41.87,33.26,29.66,7,5.7,6.3,1,2,1,49.05,51.24,Poor
41.68,1.39,20.1,39.73,32.71,45.48,8,5.01,5.3,1,4,1,36.24,61.46,Poor
93.69,10.28,95.47,82.13,98.53,96.67,0,9.4,7.3,0,3,0,81.83,91.89,Excellent
63.65,5.37,44.56,66.01,56.72,66.12,2,6.22,8.2,1,0,1,53.51,62.51,Average
76.48,9.73,70.74,75.38,75.79,73.73,1,8.2,7.1,1,0,1,91.99,93.55,Good
74.18,5.87,68.55,79.34,75.36,58.45,0,7.82,9.1,1,3,1,79.06,83.74,Good
41.74,1.37,50.05,38.93,49.07,28.4,9,5.41,7.3,1,2,1,27.21,73.37,Poor
68.82,8.61,82.66,80.84,72.86,69.11,1,8.47,4.7,1,1,1,83.09,75.25,Good
81.85,7.86,75.19,82.33,77.4,78.12,0,7.18,7.2,1,1,1,80.69,84.03,Good
53.25,4.39,51.77,64.32,66.52,42.78,1,5.88,6.1,1,2,0,58.64,70.56,Average
84.13,8.28,93.92,92.95,95.62,92.53,0,8.44,5.7,1,1,0,87.9,95.41,Excellent
44.76,2.67,48.83,51.09,27.94,35.63,4,4.62,10.0,1,2,1,43.1,56.06,Poor
65.06,5.06,63.28,61.66,77.22,72.29,3,5.09,5.3,1,2,0,63.29,70.04,Average
88.38,8.15,76.18,73.43,80.97,87.56,1,7.12,5.4,1,4,1,74.86,83.39,Good
73.03,2.41,69.73,59.15,66.25,64.67,4,5.46,7.7,0,4,1,50.61,74.76,Average
100.0,10.07,100.0,95.08,91.73,98.24,1,8.58,8.7,1,3,0,84.96,98.21,Excellent
96.26,8.29,98.68,95.69,100.0,89.1,0,10.0,7.5,1,1,0,98.0,87.45,Excellent
48.69,5.73,54.63,50.1,70.17,60.62,3,7.65,7.7,0,2,1,54.51,59.26,Average
45.8,1.18,52.91,39.47,38.26,34.12,9,4.7,7.7,0,1,0,32.83,79.91,Poor
75.8,8.15,78.95,82.81,74.95,73.3,2,8.47,9.1,1,2,0,62.57,90.54,Good
46.85,1.63,43.98,44.06,32.76,32.47,7,5.27,10.0,1,0,1,44.03,55.9,Poor
91.05,8.26,77.03,78.86,90.89,75.58,0,8.35,5.8,1,2,0,74.9,79.94,Good
74.87,2.28,65.31,65.03,79.62,66.31,0,6.85,7.0,1,2,1,44.43,97.27,Average
80.5,7.65,75.86,77.44,87.56,77.11,0,7.36,8.8,1,2,1,78.62,89.11,Good
88.79,12.0,92.73,97.22,90.36,92.55,1,9.95,4.8,1,3,1,93.15,96.57,Excellent
73.98,5.8,41.7,65.37,65.64,60.05,1,5.32,5.8,1,2,0,38.88,72.48,Average
86.52,7.92,77.2,80.31,72.01,85.27,0,7.6,7.6,1,3,1,73.36,98.99,Good
63.0,5.22,60.65,54.1,64.88,60.24,2,5.87,7.1,1,2,0,53.55,83.23,Average
80.21,5.93,77.61,71.17,94.38,84.91,0,8.58,7.6,1,3,0,76.8,81.37,Good
95.45,10.47,96.15,99.21,99.06,95.45,0,8.71,7.1,1,4,1,84.99,96.63,Excellent
76.94,4.88,68.68,70.15,65.23,68.71,2,8.2,7.4,0,3,1,67.24,90.78,Good
41.37,2.23,30.71,36.09,40.22,25.52,8,5.14,8.9,0,2,1,54.08,65.53,Poor
44.13,2.71,41.08,29.42,50.98,30.31,4,4.86,6.1,1,2,1,37.9,57.38,Poor
51.59,3.02,46.55,33.17,35.69,52.05,3,5.16,6.3,0,1,1,44.9,50.29,Poor
74.21,6.2,76.8,83.97,76.56,60.73,0,8.0,6.0,1,4,1,74.17,87.62,Good
91.85,9.27,99.4,95.3,98.13,98.63,1,8.46,9.5,1,3,1,93.52,95.27,Excellent
87.75,11.09,98.17,95.54,96.08,91.84,1,9.54,4.7,0,2,0,90.86,100.0,Excellent
94.38,8.19,71.27,79.43,82.97,83.46,1,6.32,7.5,1,3,1,67.61,87.15,Good
92.25,9.03,93.87,89.82,89.45,97.47,0,9.04,8.6,1,3,1,92.37,93.37,Excellent
65.02,1.45,43.29,52.62,59.55,67.6,1,6.48,7.2,1,0,1,75.94,60.57,Average
54.08,2.14,33.5,39.65,33.2,40.21,1,4.06,6.9,1,0,0,35.22,63.5,Poor
84.93,7.96,87.94,91.85,76.17,83.29,1,8.25,6.4,1,3,1,62.25,82.09,Good
94.77,6.56,86.58,78.97,74.37,82.09,2,7.85,6.4,1,3,0,75.39,91.37,Good
78.43,7.38,78.46,78.36,68.99,85.5,0,8.33,7.6,1,3,1,81.49,87.62,Good
54.57,1.84,33.52,52.34,38.1,35.22,4,4.69,7.4,1,2,1,46.39,48.53,Poor
74.93,8.56,66.84,80.88,91.47,80.47,2,7.82,7.6,1,3,0,78.49,93.0,Good
88.97,9.45,77.09,94.51,90.78,98.06,1,8.71,8.1,1,4,1,97.69,100.0,Excellent
80.08,7.55,72.88,65.08,75.07,88.12,0,8.2,7.3,1,2,0,78.54,86.36,Good
76.99,5.46,72.74,72.84,72.68,85.8,0,7.54,5.6,0,3,1,67.39,86.55,Good
58.79,6.93,52.54,56.1,74.12,81.22,4,5.69,9.3,0,3,1,56.64,65.14,Average
92.73,9.88,96.52,92.85,95.91,92.89,0,9.93,7.1,1,2,1,94.07,92.44,Excellent
85.37,8.61,68.62,81.03,88.69,73.14,1,6.4,4.7,1,0,1,77.56,86.23,Good
82.53,5.67,63.59,70.77,89.07,78.84,0,8.32,6.1,1,3,0,80.53,95.91,Good
51.04,0.5,36.52,24.72,49.31,38.8,6,4.3,4.6,1,2,1,24.62,47.5,Poor
36.96,2.61,45.52,53.03,50.74,37.15,9,5.12,9.3,1,2,1,30.88,71.55,Poor
63.41,7.18,65.78,59.85,46.73,46.61,0,5.97,7.0,1,1,1,55.68,83.78,Average
54.9,1.09,33.36,42.05,33.48,33.87,3,4.45,9.9,1,2,0,22.0,51.62,Poor
97.58,11.37,87.69,94.67,90.57,85.06,0,9.58,10.0,1,4,0,89.52,99.73,Excellent
88.12,10.94,89.39,87.24,98.0,89.57,0,9.51,5.6,1,1,1,92.39,99.24,Excellent
57.17,1.33,38.87,57.5,34.37,44.94,10,5.35,8.5,1,1,1,40.78,47.81,Poor
41.65,0.76,38.68,34.23,20.98,44.6,6,5.05,6.3,1,2,1,33.42,37.31,Poor
100.0,10.51,90.7,91.26,94.2,86.79,0,9.4,5.2,0,2,1,92.26,96.57,Excellent
79.04,8.35,75.36,72.06,76.11,72.71,1,9.37,6.9,1,2,1,69.79,83.77,Good
77.97,4.47,65.35,68.6,78.76,75.7,2,8.38,7.7,1,2,1,76.47,80.39,Good
56.97,2.09,20.32,55.56,36.17,58.51,4,6.02,7.1,1,3,0,42.65,73.05,Poor
57.74,4.25,74.81,62.21,65.97,58.57,3,5.94,7.6,1,3,1,58.28,86.23,Average
53.84,6.95,66.21,57.43,58.81,61.84,4,6.98,7.0,1,2,0,60.36,81.78,Average
75.38,3.49,57.79,60.05,52.09,54.69,5,6.79,7.4,1,3,1,67.13,78.25,Average
94.13,10.24,91.99,87.63,94.04,100.0,0,9.4,5.7,1,2,0,89.94,91.38,Excellent
87.3,11.24,89.31,95.97,96.22,89.82,0,9.2,7.9,1,3,0,92.09,97.86,Excellent
77.27,7.51,71.6,75.25,61.07,70.81,0,7.66,9.0,1,2,1,71.98,81.27,Good
97.03,10.13,95.24,93.16,93.95,93.92,0,9.64,7.5,1,2,1,100.0,99.61,Excellent
58.14,7.67,56.27,57.76,59.63,47.55,2,5.65,6.4,1,4,0,52.64,74.16,Average
66.66,2.22,55.67,61.63,57.57,59.16,1,6.23,6.9,1,3,0,61.93,76.02,Average
73.79,2.7,64.39,43.55,34.96,41.78,5,5.99,7.5,1,4,0,35.32,52.16,Poor
67.12,5.68,53.05,65.47,64.2,55.81,1,5.47,8.8,1,3,0,57.08,76.97,Average
58.02,1.43,45.72,38.44,43.42,33.76,5,5.23,7.9,1,3,1,23.75,55.12,Poor
94.67,8.28,90.44,100.0,87.95,94.37,0,8.85,9.9,1,2,1,100.0,93.91,Excellent
44.16,2.99,37.75,35.99,50.96,33.01,4,5.34,7.8,1,2,0,46.88,66.44,Poor
43.36,3.4,47.14,46.04,35.7,45.6,4,5.79,5.8,1,0,0,28.8,58.5,Poor
58.67,4.0,48.46,63.38,64.23,55.64,2,7.97,5.9,1,4,0,46.96,81.17,Average
35.98,1.8,34.22,46.95,44.66,36.14,2,3.99,6.2,1,1,1,37.16,75.6,Poor
53.46,0.88,34.71,37.6,32.52,44.68,4,4.74,6.4,0,2,1,32.83,45.57,Poor
69.23,5.14,57.47,44.73,49.39,47.26,5,6.26,9.5,1,4,0,55.63,66.4,Average
57.2,3.8,57.11,54.08,39.6,61.09,0,7.02,7.7,1,2,1,47.62,60.61,Average
98.51,9.08,100.0,91.22,94.73,85.68,0,10.0,8.8,1,4,1,93.21,93.33,Excellent
96.21,8.7,80.54,94.23,93.24,89.67,1,9.63,4.1,1,2,0,92.28,90.72,Excellent
80.35,7.17,72.63,67.87,74.72,82.22,1,7.82,9.2,1,1,0,79.73,77.58,Good
99.29,9.53,93.05,100.0,88.79,93.52,1,9.02,9.2,1,2,0,100.0,90.82,Excellent
57.12,2.01,44.98,72.41,67.02,51.64,1,6.94,8.7,1,0,1,52.65,66.21,Average
84.22,8.62,99.6,93.44,92.39,98.09,0,8.97,9.6,1,2,0,93.41,97.14,Excellent
58.49,1.72,33.13,37.98,33.34,43.76,5,5.32,6.5,1,2,1,31.85,57.77,Poor
98.69,11.65,94.94,97.87,90.51,80.37,0,9.06,6.7,1,1,1,95.56,98.2,Excellent
74.43,8.5,77.01,83.92,76.74,81.68,0,6.53,7.5,1,3,1,73.72,90.82,Good
94.34,12.0,99.82,97.1,97.78,89.49,1,9.78,10.0,1,2,0,96.96,98.32,Excellent
51.17,2.91,45.17,35.96,44.44,45.88,5,5.96,5.4,1,4,1,39.09,62.35,Poor
50.19,3.08,38.0,37.79,30.66,48.66,7,3.93,4.0,1,0,1,36.64,62.78,Poor
48.65,1.24,54.3,27.43,37.32,33.43,3,4.77,6.7,1,4,1,30.03,54.54,Poor
95.2,10.31,84.47,98.97,96.79,87.75,1,9.23,4.8,1,2,1,100.0,88.22,Excellent
66.13,4.16,48.69,49.44,52.52,66.69,0,7.39,4.8,1,3,1,48.49,81.28,Average
87.92,9.63,89.08,83.37,99.29,89.02,0,9.65,8.6,1,4,1,95.5,98.72,Excellent
58.31,3.1,62.82,59.74,53.69,46.49,3,5.76,5.3,1,1,1,52.29,84.1,Average
59.55,2.34,48.62,48.25,47.75,37.99,5,5.07,8.4,1,0,1,48.86,51.94,Poor
38.64,3.2,38.14,40.11,42.37,34.29,8,4.22,7.9,1,1,1,30.29,69.72,Poor
73.99,6.73,73.39,70.58,66.81,84.48,0,7.55,7.4,1,1,0,71.15,81.03,Good
77.01,10.5,73.42,70.84,73.66,83.81,0,7.41,8.0,1,3,1,73.37,86.54,Good
95.23,8.94,91.09,86.82,100.0,95.37,0,8.8,6.8,1,4,0,94.68,94.56,Excellent
63.09,3.19,60.32,67.06,58.65,59.2,3,6.63,6.0,1,1,0,62.9,76.07,Average
61.71,6.04,59.46,75.33,58.71,72.11,1,6.17,6.1,1,3,0,64.12,68.68,Average
73.99,5.88,68.25,78.96,81.16,71.71,1,7.07,6.8,1,1,0,61.34,89.19,Good
100.0,11.3,99.34,91.8,94.15,100.0,1,8.79,7.6,1,0,1,87.92,97.04,Excellent
80.09,5.75,70.97,74.52,72.39,72.96,1,8.41,8.4,1,4,0,71.75,95.35,Good
61.49,2.96,38.48,40.36,21.94,44.1,2,5.47,4.7,0,2,0,42.32,55.65,Poor
99.26,9.29,93.81,92.69,90.94,93.12,0,9.84,7.0,1,4,1,84.78,98.08,Excellent
93.61,10.17,95.14,96.69,94.39,95.03,0,10.0,5.0,1,2,0,96.8,93.97,Excellent
53.7,2.86,34.69,56.65,36.92,50.49,4,4.23,5.0,1,2,1,19.71,55.74,Poor
91.21,9.04,90.49,100.0,88.56,92.49,1,9.08,9.0,0,2,0,87.69,97.16,Excellent
100.0,10.09,83.1,83.52,94.81,96.81,0,9.58,9.1,1,3,1,85.16,88.48,Excellent
83.33,12.0,89.62,87.83,92.72,100.0,1,10.0,7.1,1,1,0,93.13,99.99,Excellent
66.6,3.31,70.16,51.91,73.77,47.8,3,7.18,6.9,1,3,0,36.96,79.92,Average
90.29,12.0,89.0,86.54,92.96,89.84,0,9.2,7.4,1,2,1,93.66,95.23,Excellent
84.08,9.22,92.98,100.0,99.14,87.89,1,10.0,5.3,1,2,1,92.34,100.0,Excellent
94.11,11.78,81.2,91.7,100.0,96.72,1,8.83,6.5,1,3,1,94.07,92.09,Excellent
94.5,12.0,90.31,88.0,96.09,89.13,0,9.78,6.8,1,2,1,98.04,91.58,Excellent
75.15,8.36,83.07,85.04,73.77,80.67,0,7.29,8.2,1,0,0,65.96,90.66,Good
54.93,5.95,63.48,42.11,62.22,51.82,3,6.29,9.5,1,2,1,61.1,60.35,Average
45.74,2.74,46.62,28.34,32.0,55.29,6,4.55,8.5,1,2,1,39.23,64.51,Poor
89.08,7.39,78.36,78.27,78.61,86.38,0,7.72,4.5,0,3,0,83.97,86.33,Good
97.42,10.99,97.86,94.46,96.73,99.67,1,9.18,7.1,1,2,1,95.53,91.79,Excellent
56.8,1.85,42.75,26.96,48.13,44.02,4,5.0,5.3,1,2,1,30.55,56.68,Poor
81.17,10.48,60.15,70.79,76.19,82.51,0,7.22,8.4,1,0,0,84.21,82.86,Good
87.39,6.72,76.2,80.05,82.82,82.71,2,7.96,6.7,1,3,1,87.64,85.11,Good
97.34,10.27,97.51,92.5,85.31,90.71,1,8.21,6.0,0,2,0,92.71,98.05,Excellent
82.53,6.77,71.75,71.65,83.3,65.34,1,7.46,6.5,1,2,0,64.29,91.38,Good
85.78,8.22,86.0,79.67,82.14,87.4,0,7.19,7.9,1,2,0,79.65,90.5,Good
95.33,9.35,94.07,96.53,93.85,93.62,0,9.62,8.1,1,3,1,96.78,100.0,Excellent
100.0,10.07,83.42,84.0,97.68,89.65,1,9.47,6.9,1,0,0,93.07,95.33,Excellent
44.93,1.56,39.02,25.27,42.4,44.4,10,5.2,8.3,1,3,1,33.96,73.17,Poor
93.25,8.33,99.01,89.85,90.55,83.52,0,8.93,6.0,1,1,1,93.08,97.81,Excellent
93.33,8.69,89.76,93.83,91.49,91.28,0,10.0,6.3,1,2,1,86.33,99.82,Excellent
60.63,1.66,84.12,56.8,68.31,48.09,2,4.5,7.0,1,0,1,52.19,79.09,Average
51.72,2.6,29.22,39.71,59.49,28.32,9,4.53,5.1,1,2,0,35.9,51.51,Poor
36.8,3.77,42.49,45.6,32.34,44.69,5,4.6,8.0,1,0,1,28.24,56.73,Poor
94.09,12.0,94.06,95.73,96.19,91.19,0,9.04,8.5,0,2,0,98.5,97.55,Excellent
71.64,7.02,66.48,96.27,67.42,76.57,2,7.97,8.4,0,3,1,80.92,78.96,Good
45.07,1.09,52.4,49.5,32.93,37.77,1,4.8,5.7,1,3,0,42.57,51.52,Poor
64.39,4.23,72.59,54.68,53.53,61.23,1,5.61,4.8,0,1,1,66.58,69.04,Average
68.97,4.7,69.49,48.87,64.0,48.01,0,6.86,5.2,1,3,1,55.79,62.62,Average
73.03,9.33,76.8,67.15,71.08,76.61,0,6.6,6.3,0,4,1,63.45,80.0,Good
65.05,4.49,54.99,59.62,68.32,61.15,2,5.96,6.0,1,2,1,44.87,56.71,Average
100.0,10.06,95.32,90.06,95.04,95.75,0,9.33,7.5,1,2,0,93.54,94.45,Excellent
99.41,12.0,94.03,88.67,85.51,97.71,0,8.79,10.0,1,2,0,85.79,96.05,Excellent
76.11,4.26,70.8,72.51,87.33,77.88,0,8.24,6.9,1,1,1,76.09,88.31,Good
59.28,0.58,49.84,26.86,44.81,53.9,3,6.2,6.2,1,1,0,36.54,54.94,Poor
44.9,1.74,47.84,28.99,57.27,24.66,3,4.23,8.2,1,1,1,33.6,62.88,Poor
43.76,0.85,37.16,39.27,42.87,53.24,10,4.77,5.3,1,1,0,37.57,64.82,Poor
53.36,4.74,71.06,54.73,64.72,57.18,0,6.85,4.5,0,3,0,65.4,72.89,Average
88.71,10.59,88.3,89.94,75.82,100.0,0,8.85,5.5,1,3,1,99.23,93.8,Excellent
38.43,2.08,60.13,44.06,41.01,43.05,5,4.53,8.0,1,4,0,32.93,67.08,Poor
91.28,7.9,96.52,92.02,91.09,92.88,0,9.48,8.8,1,3,1,92.08,100.0,Excellent
83.43,6.98,82.89,82.63,78.95,68.1,1,8.09,5.7,1,2,0,79.33,92.16,Good
95.06,11.32,93.4,98.93,90.69,86.8,0,9.25,7.7,0,1,1,93.31,95.61,Excellent
47.73,1.7,40.87,35.77,46.85,40.55,10,3.85,8.2,1,0,0,39.51,71.51,Poor
46.11,1.27,45.36,41.67,43.85,41.3,2,5.11,8.9,1,4,0,40.56,49.26,Poor
41.68,3.05,52.22,31.6,42.46,53.68,5,4.83,4.0,1,2,1,42.33,60.77,Poor
44.44,2.29,53.3,42.61,34.58,48.74,7,4.8,4.2,0,2,0,20.04,64.07,Poor
44.05,6.13,63.18,55.77,64.5,50.18,3,3.77,6.7,1,3,1,51.42,72.32,Average
78.23,6.59,64.3,61.27,76.85,86.92,0,8.2,7.7,1,1,0,77.43,100.0,Good
53.46,1.88,31.42,39.78,34.27,27.45,5,4.54,8.4,1,3,0,29.69,63.48,Poor
61.57,5.89,46.43,44.84,56.87,50.89,1,6.83,6.5,1,4,0,51.74,65.91,Average
80.32,5.51,70.46,64.9,82.0,74.52,1,7.05,5.5,1,2,0,78.27,99.89,Good
94.86,10.2,84.02,94.29,99.79,98.25,1,9.58,8.0,1,2,1,86.85,97.25,Excellent
84.54,9.69,79.43,75.06,89.01,78.29,0,8.34,6.0,1,3,0,72.54,86.12,Good
56.14,4.75,62.6,48.09,67.66,56.41,2,6.13,8.2,1,0,1,63.14,72.44,Average
71.42,5.5,72.62,69.4,77.06,82.28,1,7.4,6.6,1,2,0,92.82,96.56,Good
88.02,9.01,92.09,100.0,94.5,100.0,0,9.62,8.3,1,3,0,95.1,96.63,Excellent
92.54,7.02,97.18,97.97,100.0,94.61,1,9.13,9.5,0,0,0,96.67,99.4,Excellent
100.0,8.93,94.38,86.68,98.58,89.24,1,8.34,7.7,1,1,1,93.55,93.98,Excellent
56.17,3.32,35.47,37.52,40.13,46.07,3,3.63,6.6,1,2,1,31.12,60.92,Poor
82.09,9.28,73.36,71.02,92.64,75.24,0,9.11,6.8,1,2,1,77.57,93.72,Good
58.65,0.5,39.18,57.2,39.6,38.54,8,4.37,7.3,0,2,1,40.49,63.07,Poor
99.83,9.53,89.45,91.67,100.0,89.18,0,9.93,4.8,1,2,0,97.82,98.42,Excellent
65.41,4.59,43.64,47.62,53.59,57.46,2,6.14,6.7,0,3,1,54.93,65.43,Average
49.05,0.56,42.08,24.59,26.76,35.37,2,5.32,6.8,1,2,0,44.25,31.04,Poor
100.0,9.94,98.04,97.54,87.67,83.53,0,8.1,8.0,1,3,1,100.0,97.33,Excellent
66.35,4.66,61.25,58.37,48.99,54.85,2,6.0,4.8,1,1,1,59.68,63.76,Average
98.38,9.53,80.48,94.72,83.85,93.57,0,9.37,9.2,1,0,1,88.63,100.0,Excellent
89.47,10.39,87.76,100.0,94.75,89.43,1,9.45,6.8,0,2,1,90.88,97.76,Excellent
85.61,6.38,75.71,76.71,77.64,93.74,0,8.0,5.9,1,2,1,62.26,93.48,Good
62.43,7.44,76.62,81.57,93.08,73.84,0,8.09,7.8,1,2,1,73.61,92.67,Good
89.49,9.28,80.35,93.68,94.13,93.44,0,9.47,4.6,1,0,1,96.35,92.5,Excellent
98.3,9.01,93.58,93.08,97.73,97.0,0,10.0,8.3,0,2,1,95.54,100.0,Excellent
57.59,3.69,56.16,50.33,54.13,57.91,3,6.8,7.4,1,0,1,74.04,81.51,Average
73.95,8.88,81.42,78.02,71.63,71.72,0,7.65,5.5,1,3,1,69.15,94.22,Good
95.52,9.13,89.0,91.34,91.75,97.26,0,8.64,7.8,0,2,1,85.71,100.0,Excellent
96.04,9.64,88.47,96.42,98.08,95.76,0,9.68,6.3,0,2,1,95.49,91.8,Excellent
61.48,6.4,44.84,60.35,59.47,47.98,4,6.6,4.0,1,1,1,57.51,73.03,Average
81.5,6.94,81.95,66.52,71.49,84.76,1,8.0,6.7,1,3,1,78.57,83.83,Good
76.91,8.84,81.66,74.41,88.72,74.01,0,7.82,7.3,1,4,1,79.24,83.97,Good
93.56,9.69,86.21,91.41,89.98,95.43,0,9.13,6.0,1,2,0,100.0,97.41,Excellent
44.27,1.18,48.29,36.71,28.51,43.41,5,4.51,7.3,1,2,0,33.26,54.98,Poor
50.11,3.28,45.51,36.98,46.65,47.0,3,4.81,9.2,1,3,1,23.76,60.75,Poor
91.35,9.4,93.78,95.63,100.0,84.2,0,8.39,9.7,1,2,0,89.47,91.63,Excellent
100.0,9.54,92.34,99.66,92.5,86.61,1,9.29,6.0,0,2,0,100.0,98.95,Excellent
63.54,3.36,74.03,57.97,66.91,65.43,3,6.71,6.5,1,2,0,56.01,71.43,Average
58.97,7.61,74.24,57.95,75.64,69.91,2,7.35,8.7,1,3,0,46.98,89.42,Average
98.79,8.16,91.09,91.91,91.43,97.0,0,9.19,6.1,1,3,0,91.43,98.12,Excellent
100.0,9.89,98.06,100.0,99.14,92.42,0,8.57,5.0,1,1,0,96.25,95.28,Excellent
96.8,10.21,97.93,95.86,87.1,88.46,0,9.15,5.4,0,3,0,99.34,94.62,Excellent
73.22,6.65,77.91,80.08,67.87,76.38,0,8.26,8.8,1,2,1,68.24,97.3,Good
55.8,4.62,57.8,53.13,50.59,57.67,3,5.24,5.2,1,2,1,58.21,66.68,Average
59.01,1.69,45.14,46.86,44.09,47.57,3,5.53,8.4,0,1,1,30.9,51.39,Poor
76.45,8.75,82.88,71.82,69.08,80.57,1,7.44,8.7,1,2,1,83.53,83.25,Good
42.22,2.18,43.3,43.89,49.95,39.23,4,3.38,6.4,1,3,1,44.06,41.48,Poor
73.41,6.14,83.1,73.34,80.8,81.7,0,8.08,7.7,1,3,1,72.48,83.96,Good
94.4,12.0,91.19,95.59,96.43,88.5,0,9.01,7.2,1,3,0,96.52,94.69,Excellent
49.06,0.52,38.52,46.51,33.18,31.36,2,5.31,10.0,1,3,0,42.96,57.64,Poor
75.42,6.94,80.23,86.62,69.73,80.09,2,7.36,7.1,1,1,1,82.85,89.32,Good
31.73,3.18,28.11,41.0,29.61,32.21,8,5.05,8.1,0,2,0,30.74,57.66,Poor
58.42,1.61,27.01,25.05,56.69,50.6,6,3.7,8.2,1,0,0,39.81,58.62,Poor
89.03,9.75,98.33,91.07,100.0,96.16,0,9.31,4.3,1,2,1,93.71,89.2,Excellent
52.14,3.86,64.82,70.06,78.89,58.2,4,7.26,10.0,1,2,1,51.91,81.45,Average
40.85,0.5,45.24,47.66,27.62,45.66,3,4.01,8.0,1,0,0,27.16,48.66,Poor
54.09,2.02,53.17,48.13,51.48,50.69,5,4.3,6.5,1,1,0,33.56,61.44,Poor
78.62,7.12,75.89,72.1,81.54,85.55,1,8.42,6.9,1,2,1,71.96,94.77,Good
42.09,2.71,43.71,33.51,37.18,38.44,4,3.0,9.0,1,1,0,30.88,64.86,Poor
96.55,8.44,85.21,100.0,96.9,91.18,1,9.74,6.2,1,1,1,88.72,97.46,Excellent
50.33,4.46,45.43,71.89,57.16,47.07,1,6.84,6.5,1,3,0,65.4,73.0,Average
74.38,11.63,77.05,72.46,88.88,73.22,0,7.29,6.1,1,2,1,77.12,86.38,Good
38.44,3.28,31.23,30.62,33.57,43.03,3,5.28,7.0,1,1,0,43.75,72.06,Poor
78.18,5.25,74.25,82.11,85.87,74.11,1,7.73,7.4,1,2,1,82.99,81.94,Good
43.92,2.85,55.01,32.36,43.7,47.38,5,3.83,7.0,1,3,0,14.44,65.72,Poor
54.5,2.47,34.39,41.23,42.84,38.34,4,5.11,6.5,0,3,1,31.75,56.17,Poor
71.03,9.72,81.22,70.25,76.69,78.49,1,8.12,7.3,1,4,1,69.79,75.64,Good
93.46,11.55,85.27,99.77,93.14,88.83,0,9.63,5.5,0,2,0,90.15,94.46,Excellent
90.65,7.7,100.0,85.68,94.91,83.64,0,9.71,7.8,1,3,1,89.93,88.07,Excellent
55.9,6.75,66.43,48.03,60.3,59.15,2,6.42,4.0,1,2,0,57.69,84.53,Average
84.89,3.37,78.26,73.58,77.45,70.15,1,7.44,8.1,1,2,1,81.76,80.36,Good
77.35,10.89,82.65,89.47,82.04,100.0,0,8.84,8.5,1,4,1,89.04,97.09,Excellent
60.44,2.64,66.69,57.43,45.93,62.06,2,6.91,8.7,1,0,1,56.24,74.81,Average
74.96,9.45,79.8,84.18,80.72,70.64,0,7.23,7.2,1,0,0,60.14,88.15,Good
85.63,9.13,76.54,68.71,74.25,81.24,1,8.12,5.6,1,4,0,84.1,93.98,Good
98.47,12.0,97.44,92.82,87.46,93.28,1,9.93,4.4,0,2,0,92.02,100.0,Excellent
78.49,10.43,74.36,63.3,95.67,78.09,0,7.82,5.0,1,2,1,82.2,82.98,Good
76.55,7.64,73.9,81.34,80.23,65.95,0,8.22,8.1,1,2,1,64.86,84.57,Good
88.4,11.43,81.97,84.62,100.0,93.23,0,9.33,7.6,1,1,0,89.04,95.25,Excellent
100.0,10.97,97.69,92.52,95.13,91.61,0,9.5,5.8,1,1,0,97.28,92.76,Excellent
89.01,7.52,77.59,68.4,84.12,79.5,3,7.99,6.4,1,3,1,70.63,85.98,Good
69.65,7.97,77.53,78.81,73.72,68.68,2,8.34,8.7,1,0,0,65.04,98.71,Good
88.98,9.39,93.55,89.34,96.89,96.1,1,8.8,5.6,1,4,1,97.16,93.22,Excellent
66.35,7.93,57.8,60.9,67.16,54.65,2,6.08,9.7,1,2,1,59.5,71.34,Average
72.45,8.75,74.65,80.18,73.36,74.68,1,7.97,7.5,1,4,0,73.76,83.41,Good
65.0,6.42,58.3,74.63,50.59,56.8,2,7.42,6.9,0,1,1,51.93,84.3,Average
53.92,7.01,54.03,50.46,71.82,66.09,0,6.12,9.7,1,3,1,58.65,74.16,Average
100.0,7.4,96.8,87.02,98.28,90.13,0,9.27,5.9,1,3,1,85.57,98.56,Excellent
66.43,5.28,70.2,52.98,48.09,59.6,3,6.3,8.3,1,2,0,59.4,68.82,Average
89.59,4.99,89.45,84.11,69.56,68.9,1,7.71,7.3,1,4,1,74.34,82.47,Good
96.37,9.67,89.82,91.43,100.0,90.42,0,8.97,6.9,0,3,0,89.69,99.49,Excellent
81.35,3.97,55.98,59.28,73.84,44.56,0,6.56,7.1,1,4,0,48.1,62.54,Average
42.55,2.21,53.15,36.29,46.61,27.52,8,4.72,8.5,1,4,1,32.73,68.24,Poor
95.14,8.36,100.0,96.97,100.0,89.86,1,9.46,8.7,1,2,1,93.49,100.0,Excellent
64.8,4.08,61.63,50.2,56.18,42.31,2,6.34,7.0,1,3,0,60.08,72.27,Average
75.01,9.98,70.6,73.21,71.9,68.8,0,7.54,6.7,1,2,1,75.04,88.75,Good
89.34,7.9,78.45,74.88,84.68,83.07,0,7.79,8.6,1,0,1,72.82,87.72,Good
74.39,8.31,75.97,73.77,90.71,81.2,2,8.49,8.3,1,4,1,69.2,89.1,Good
89.85,12.0,93.74,90.41,97.23,96.79,0,8.83,8.7,0,2,1,84.45,94.53,Excellent
43.79,1.53,46.1,34.8,27.03,40.95,3,5.25,8.4,1,0,1,33.54,55.36,Poor
63.79,5.19,48.04,57.95,69.53,72.09,1,8.02,6.1,1,3,1,64.08,67.56,Average
76.67,8.71,77.99,79.01,73.27,75.01,0,7.69,6.2,1,1,0,76.35,78.78,Good
69.4,4.57,77.28,58.11,82.3,79.75,1,7.55,9.0,1,4,1,76.58,87.49,Good
74.69,5.43,54.06,54.02,54.18,67.74,0,5.4,7.0,1,2,1,43.89,76.48,Average
70.14,6.75,81.48,68.3,93.99,76.6,1,7.78,5.3,1,2,0,70.33,89.48,Good
99.32,10.68,85.75,93.77,96.14,93.39,0,8.92,9.3,0,3,1,90.24,93.59,Excellent
88.02,8.06,90.59,83.5,96.93,82.53,0,8.65,7.2,0,0,1,97.59,100.0,Excellent
71.59,8.37,81.87,85.5,77.01,77.7,1,8.51,6.7,1,3,0,72.55,86.05,Good
82.33,7.99,74.52,78.4,82.3,81.64,1,7.79,8.0,1,2,1,68.65,89.05,Good
99.88,8.68,99.72,93.56,93.64,85.34,0,9.48,6.0,1,2,1,89.72,92.1,Excellent
79.68,9.07,66.74,68.63,81.28,64.61,1,7.67,6.4,1,2,0,65.38,87.32,Good
77.79,8.92,78.98,80.63,81.42,69.98,2,8.58,7.7,1,0,0,79.97,74.9,Good
43.34,3.63,44.87,39.76,43.11,62.84,2,4.44,7.5,1,2,0,21.34,62.01,Poor
76.49,7.97,84.3,81.24,85.17,84.1,0,7.55,6.7,0,3,0,79.29,87.06,Good
66.27,5.55,49.72,69.45,56.58,49.2,2,6.4,5.9,1,0,1,47.47,73.95,Average
54.61,3.98,54.59,58.42,70.64,56.81,3,6.95,7.7,1,2,1,59.59,88.17,Average
92.01,7.57,89.31,90.64,98.34,90.3,0,8.89,6.7,0,2,1,95.23,92.14,Excellent
93.34,7.78,91.46,93.66,90.83,100.0,0,8.83,8.0,1,2,0,93.25,96.74,Excellent
94.05,9.94,97.59,100.0,95.98,86.44,0,9.78,7.4,1,4,1,100.0,99.01,Excellent
82.82,8.47,76.23,85.26,75.0,83.22,0,8.11,8.5,1,0,0,76.73,81.48,Good
40.17,1.95,45.85,36.04,55.45,47.21,8,4.55,7.7,1,2,0,33.94,54.92,Poor
35.35,1.98,39.14,40.78,49.32,49.83,4,4.39,6.1,0,3,1,27.26,61.29,Poor
88.65,10.99,90.7,81.42,100.0,97.57,0,9.64,5.8,1,0,1,91.0,95.73,Excellent
51.66,3.03,32.97,33.35,40.81,41.48,5,4.76,8.1,1,0,1,38.88,55.17,Poor
92.82,11.07,96.16,96.49,92.52,95.57,0,9.43,6.5,0,3,0,94.82,100.0,Excellent
47.03,0.5,51.53,16.94,24.13,43.22,7,5.14,10.0,1,3,0,34.77,42.51,Poor
57.22,2.15,44.69,61.6,52.57,56.89,1,7.52,5.2,0,3,1,58.0,68.42,Average
46.08,1.43,41.55,43.01,22.59,42.15,10,5.03,7.1,0,2,1,35.12,46.78,Poor
66.9,7.01,67.05,76.72,54.75,71.41,1,6.84,8.4,0,4,1,50.91,73.2,Average
77.46,2.21,49.36,38.46,53.26,54.45,1,5.69,6.4,1,0,1,45.89,73.21,Average
59.13,4.23,50.76,48.57,76.78,60.42,2,5.44,4.8,1,2,1,43.72,58.93,Average
84.75,9.52,95.11,94.52,100.0,88.24,0,8.95,6.5,1,3,1,92.7,96.33,Excellent
82.99,6.47,69.46,76.76,87.13,87.76,2,7.75,5.5,1,2,1,76.93,85.45,Good
56.12,4.39,52.32,57.5,68.33,63.22,2,6.87,7.5,1,3,1,56.0,64.48,Average
45.57,2.27,52.43,45.77,28.3,40.95,6,5.06,6.1,0,3,1,45.66,63.4,Poor
49.87,2.16,39.55,51.73,42.87,35.73,4,4.72,5.5,1,0,1,42.42,65.33,Poor
90.41,10.99,88.07,92.39,97.26,94.81,0,9.53,5.4,0,4,1,95.73,100.0,Excellent
75.73,6.18,67.96,59.54,66.35,59.71,1,6.46,5.9,1,2,1,59.67,71.48,Average
63.1,5.26,50.17,64.29,62.97,58.68,3,6.03,4.6,1,1,1,52.41,86.81,Average
45.92,2.76,56.56,34.44,31.06,51.38,6,5.81,6.7,1,2,1,29.99,57.42,Poor
85.05,7.88,86.04,78.61,75.46,77.06,0,8.71,6.9,1,3,1,77.12,89.78,Good
58.82,1.93,37.95,36.7,61.32,54.0,8,4.45,7.9,1,3,1,26.24,70.29,Poor
75.17,8.16,74.35,74.35,74.68,81.39,0,7.86,5.6,1,2,1,80.54,81.24,Good
82.91,8.9,96.05,87.22,89.1,97.26,1,9.64,8.2,1,2,1,90.37,94.48,Excellent
85.24,7.04,80.3,92.78,71.0,71.05,1,7.74,7.6,1,2,0,81.21,67.49,Good
65.72,6.06,72.78,69.38,52.28,67.04,0,6.03,7.3,1,0,1,56.86,69.17,Average
72.8,8.22,80.9,75.19,88.57,74.68,3,7.66,7.0,1,0,1,75.59,68.36,Good
35.54,0.76,34.47,33.67,43.68,30.43,6,5.36,9.3,1,3,1,22.4,55.55,Poor
100.0,8.91,89.99,100.0,89.82,100.0,0,10.0,4.9,1,2,0,84.65,94.12,Excellent
51.16,4.41,47.93,67.81,43.12,55.74,3,6.88,8.2,1,1,0,54.01,63.93,Average
84.85,5.73,74.64,70.16,68.81,82.59,0,8.08,6.0,1,2,1,81.92,84.88,Good
31.69,1.8,45.8,34.07,46.8,32.07,5,3.93,5.4,1,3,0,35.55,42.92,Poor
98.13,10.43,94.69,90.27,95.88,91.5,0,9.87,8.4,0,0,1,94.1,100.0,Excellent
40.64,1.75,47.19,42.53,30.74,41.39,2,5.62,6.7,1,2,1,39.19,49.29,Poor
33.65,2.62,53.29,22.49,47.5,37.38,8,3.88,8.5,1,3,0,34.96,64.19,Poor
79.61,9.69,71.34,86.57,85.88,73.42,0,7.78,5.4,0,2,1,75.98,99.79,Good
69.75,3.1,74.46,51.4,58.85,46.49,2,7.58,10.0,0,4,1,70.4,72.88,Average
77.74,5.68,74.43,82.86,72.93,60.53,1,6.55,7.4,1,3,1,71.7,83.31,Good
91.54,10.45,87.18,91.61,100.0,94.64,1,9.06,7.3,1,2,0,100.0,92.75,Excellent
63.33,5.75,63.18,55.18,59.22,65.47,1,6.69,9.2,1,2,1,46.47,44.17,Average
94.32,10.36,84.68,93.62,88.79,88.44,0,8.85,7.2,0,3,1,93.01,100.0,Excellent
97.1,12.0,88.92,93.76,100.0,99.93,0,9.41,7.0,1,0,1,82.95,94.42,Excellent
97.52,9.45,87.45,100.0,97.64,88.26,1,9.52,4.5,1,3,1,88.0,93.54,Excellent
34.82,2.63,43.94,43.13,40.58,42.4,4,5.73,7.5,1,2,1,24.29,69.76,Poor
39.02,1.27,57.13,33.29,44.56,31.09,4,4.85,8.5,1,3,1,37.06,47.95,Poor
84.94,8.11,70.89,63.98,76.95,73.33,1,8.82,7.8,1,2,0,82.77,81.76,Good
71.88,4.42,68.3,53.04,65.66,52.26,1,5.72,7.2,1,3,1,42.66,71.04,Average
90.63,10.82,95.7,93.13,100.0,100.0,0,9.87,7.6,1,3,1,87.34,94.69,Excellent
63.46,1.33,29.64,29.57,52.73,35.42,3,3.97,6.7,1,3,1,51.01,68.04,Poor
91.09,7.99,75.64,70.77,93.16,80.19,0,6.94,9.8,1,2,1,66.25,84.24,Good
64.45,4.24,74.13,63.66,52.77,44.25,2,6.25,4.7,0,4,1,56.4,72.82,Average
85.08,9.74,82.86,71.45,81.58,76.94,3,9.05,7.0,1,1,1,75.23,74.84,Good
41.02,0.68,60.45,39.58,49.67,30.23,6,4.28,6.5,1,2,0,38.17,51.68,Poor
52.86,0.86,37.1,38.2,53.65,16.34,4,4.66,7.5,1,3,1,26.91,57.59,Poor
69.05,3.33,60.61,57.48,54.27,65.4,2,5.18,8.0,1,1,1,47.98,81.27,Average
76.74,5.14,75.77,82.92,75.81,73.66,1,8.0,8.0,1,0,1,78.75,84.85,Good
58.82,6.51,42.65,65.01,55.04,52.0,1,5.6,5.8,1,2,1,48.21,70.73,Average
57.63,1.01,38.61,47.27,38.01,34.95,3,5.33,6.3,1,0,1,28.25,57.91,Poor
75.24,7.94,84.07,87.63,61.3,70.66,1,6.59,7.1,1,3,1,68.13,86.91,Good
55.93,2.83,53.32,45.07,38.32,39.13,1,3.45,6.7,1,3,1,17.76,63.57,Poor
59.03,7.46,82.05,83.46,74.12,74.39,0,7.47,5.0,1,3,1,69.97,91.42,Good
97.52,11.32,83.79,88.23,92.84,92.39,1,10.0,8.3,1,1,0,93.43,96.34,Excellent
78.31,9.61,59.25,63.17,76.2,91.34,0,8.39,5.7,1,3,0,75.12,89.4,Good
64.75,5.36,55.33,63.03,66.71,63.71,2,6.45,7.4,1,3,1,51.55,66.92,Average
97.34,9.31,90.66,86.01,100.0,94.87,0,9.65,6.0,1,1,0,84.8,100.0,Excellent
74.31,10.68,72.99,69.81,74.47,74.22,1,8.61,5.4,1,3,1,77.0,84.74,Good
98.27,11.94,93.9,89.59,99.47,98.16,0,9.52,6.4,1,3,0,99.11,96.8,Excellent
37.03,2.98,36.23,45.28,30.81,47.25,1,5.01,6.1,1,4,1,28.75,63.03,Poor
93.21,8.92,98.13,89.29,100.0,88.38,0,10.0,6.4,1,2,0,89.83,95.25,Excellent
94.81,7.43,91.21,76.27,80.12,80.67,1,7.55,5.7,1,2,1,76.59,74.08,Good
71.2,3.97,49.15,62.63,67.43,54.5,2,5.2,6.8,1,0,0,47.22,60.59,Average
94.89,9.9,99.3,94.62,96.29,98.33,0,9.72,8.1,1,3,0,80.85,100.0,Excellent
71.38,5.68,65.34,62.55,61.05,56.6,1,7.22,5.8,0,1,0,52.01,75.46,Average
82.75,8.34,77.52,65.18,74.91,70.59,1,7.55,8.1,1,4,1,71.09,85.13,Good
86.49,6.49,73.09,71.82,76.67,86.48,0,8.65,6.0,1,2,1,80.85,83.36,Good
55.14,3.26,36.63,31.88,37.79,30.29,4,5.27,8.8,1,2,1,27.48,58.63,Poor
53.02,1.84,35.7,45.41,53.68,45.2,4,4.79,7.9,1,0,0,26.53,41.63,Poor
57.84,4.61,50.99,70.8,71.28,53.73,3,6.71,7.8,1,2,1,66.2,82.72,Average
45.61,1.31,51.87,36.54,54.02,39.81,3,4.7,9.7,1,3,0,31.28,54.25,Poor
90.83,10.69,100.0,87.0,96.39,95.19,0,8.82,6.5,1,4,0,90.88,97.78,Excellent
80.39,5.28,66.4,68.84,54.8,68.0,1,6.03,7.4,1,1,0,50.02,79.08,Average
70.8,7.81,74.11,84.28,77.07,79.71,0,8.44,8.6,1,2,1,75.09,87.48,Good
74.14,5.26,71.56,38.32,73.87,53.14,3,7.06,8.0,1,2,1,50.06,79.81,Average
82.91,5.86,71.24,82.77,84.86,81.57,1,6.94,9.5,1,2,0,82.54,84.17,Good
55.89,2.36,55.94,36.6,36.08,33.12,4,4.16,10.0,1,1,1,36.55,54.53,Poor
73.87,8.59,76.36,82.99,72.99,79.54,0,6.54,7.0,1,2,0,80.75,69.56,Good
89.19,12.0,89.04,91.15,90.55,89.01,1,9.33,4.9,1,3,0,88.71,95.97,Excellent
61.54,1.67,53.63,36.47,32.27,52.97,9,4.65,5.7,1,1,1,42.22,60.57,Poor
68.04,3.39,56.47,54.29,61.9,47.03,2,7.35,5.9,1,2,0,57.35,77.24,Average
64.98,4.4,61.84,56.16,52.01,59.71,4,7.18,8.2,1,0,0,56.92,72.28,Average
43.59,1.73,34.91,29.65,40.33,39.91,5,4.32,6.8,1,3,1,37.34,56.42,Poor
85.11,10.71,85.97,100.0,96.2,88.38,0,9.5,9.2,1,2,1,90.08,100.0,Excellent
94.36,12.0,98.66,90.82,98.07,100.0,0,9.7,8.0,1,2,0,93.32,98.69,Excellent
97.79,7.37,97.02,82.44,85.34,90.01,0,8.49,7.1,1,1,1,94.42,94.96,Excellent
80.98,5.7,77.08,75.59,73.37,77.66,1,6.63,8.3,1,3,1,74.47,80.68,Good
90.64,7.69,91.18,79.35,93.11,86.26,0,9.91,7.2,1,3,0,93.16,89.73,Excellent
